test_year,weeks,anomalies,ens_caught,ens_missed,ens_false_alarms,base_caught,base_missed,base_false_alarms,ens_mean_proba,calibration,val_window,val_anomalies,train_weeks
2008,53,27,0,27,0,27,0,26,0.2092,isotonic,2006-2007,8,293
2009,52,20,17,3,0,20,0,31,0.3161,sigmoid,2007-2008,33,345
2010,52,14,7,7,2,14,0,24,0.2103,sigmoid,2008-2009,47,397
2011,52,24,23,1,6,19,5,2,0.6405,sigmoid,2009-2010,34,450
2012,52,27,15,12,0,11,16,2,0.3308,sigmoid,2010-2011,38,502
2013,53,0,0,0,0,0,0,36,0.0539,sigmoid,2011-2012,51,554
2014,52,2,0,2,0,0,2,22,0.0309,sigmoid,2012-2013,27,606
2015,52,6,2,4,0,5,1,21,0.0736,sigmoid,2012-2014,29,606
2016,52,4,0,4,0,1,3,7,0.0588,sigmoid,2014-2015,8,711
2017,52,0,0,0,0,0,0,43,0.0358,sigmoid,2015-2016,10,763
2018,52,6,1,5,2,1,5,6,0.1393,sigmoid,2015-2017,10,763
2019,53,0,0,0,1,0,0,1,0.0831,isotonic,2016-2018,10,815
2020,52,23,21,2,22,17,6,11,0.5569,isotonic,2016-2019,10,815
2021,16,0,0,0,0,0,0,8,0.21,sigmoid,2019-2020,23,971
