Data,test_year,Y,ens_proba,ens_pred,base_score,base_pred
2008-01-01,2008,1,0.16666666666666666,0,0.10909771889562148,1
2008-01-08,2008,1,0.36363636363636365,0,0.12590408780255946,1
2008-01-15,2008,1,0.16666666666666666,0,0.11873349473296713,1
2008-01-22,2008,1,0.36363636363636365,0,0.14067109173166625,1
2008-01-29,2008,0,0.36363636363636365,0,0.13452339058402385,1
2008-02-05,2008,0,0.36363636363636365,0,0.13652540857859108,1
2008-02-12,2008,0,0.16666666666666666,0,0.12737840765858277,1
2008-02-19,2008,0,0.16666666666666666,0,0.1268740876854112,1
2008-02-26,2008,0,0.0,0,0.08672692197390297,1
2008-03-04,2008,0,0.16666666666666666,0,0.1268740876854112,1
2008-03-11,2008,0,0.16666666666666666,0,0.12737840765858277,1
2008-03-18,2008,0,0.16666666666666666,0,0.1267472249487498,1
2008-03-25,2008,0,0.16666666666666666,0,0.12748278078609332,1
2008-04-01,2008,0,0.16666666666666666,0,0.11516870964586601,1
2008-04-08,2008,0,0.0,0,0.10497108328883631,1
2008-04-15,2008,0,0.0,0,0.11719650592915465,1
2008-04-22,2008,0,0.0,0,0.042840784365782314,1
2008-04-29,2008,0,0.0,0,0.05438455856739022,1
2008-05-06,2008,0,0.0,0,0.0803226440719631,1
2008-05-13,2008,0,0.0,0,0.07277235913382774,1
2008-05-20,2008,0,0.0,0,0.05946436105909947,1
2008-05-27,2008,0,0.0,0,0.06800522215714166,1
2008-06-03,2008,0,0.0,0,0.05438455856739022,1
2008-06-10,2008,0,0.16666666666666666,0,0.1562901975864155,1
2008-06-17,2008,1,0.0890263007781849,0,0.0710072989640338,1
2008-06-24,2008,1,0.16666666666666666,0,0.14097111916735983,1
2008-07-01,2008,1,0.16666666666666666,0,0.16005521463390215,1
2008-07-08,2008,1,0.16666666666666666,0,0.15620139620145068,1
2008-07-15,2008,0,0.36363636363636365,0,0.13641562971455046,1
2008-07-22,2008,0,0.16666666666666666,0,0.057985666560061655,1
2008-07-29,2008,0,0.16666666666666666,0,0.09094480200719701,1
2008-08-05,2008,0,0.16666666666666666,0,0.05627109923984708,1
2008-08-12,2008,0,0.16666666666666666,0,0.05711535422817893,1
2008-08-19,2008,0,0.0,0,0.09002689860028124,1
2008-08-26,2008,1,0.0,0,0.042585902959781596,1
2008-09-02,2008,1,0.16666666666666666,0,0.122173767152427,1
2008-09-09,2008,1,0.36363636363636365,0,0.18453718307319988,1
2008-09-16,2008,1,0.36363636363636365,0,0.22504223470786677,1
2008-09-23,2008,1,0.36363636363636365,0,0.2338059427676641,1
2008-09-30,2008,1,0.36363636363636365,0,0.2472330544965371,1
2008-10-07,2008,1,0.36363636363636365,0,0.27151189197750203,1
2008-10-14,2008,1,0.36363636363636365,0,0.27151189197750203,1
2008-10-21,2008,1,0.36363636363636365,0,0.27151189197750203,1
2008-10-28,2008,1,0.36363636363636365,0,0.27151189197750203,1
2008-11-04,2008,1,0.36363636363636365,0,0.27151189197750203,1
2008-11-11,2008,1,0.36363636363636365,0,0.27151189197750203,1
2008-11-18,2008,1,0.36363636363636365,0,0.27151189197750203,1
2008-11-25,2008,1,0.36363636363636365,0,0.27151189197750203,1
2008-12-02,2008,1,0.36363636363636365,0,0.27151189197750203,1
2008-12-09,2008,1,0.36363636363636365,0,0.27151189197750203,1
2008-12-16,2008,1,0.36363636363636365,0,0.27151189197750203,1
2008-12-23,2008,1,0.36363636363636365,0,0.23919648627833812,1
2008-12-30,2008,1,0.36363636363636365,0,0.21887566186129837,1
2009-01-06,2009,1,0.8134070441696888,1,0.21084690127794736,1
2009-01-13,2009,1,0.8267388901926472,1,0.23292162995942678,1
2009-01-20,2009,1,0.9165395256298822,1,0.24361076043845786,1
2009-01-27,2009,1,0.8180434124768249,1,0.22689673608128624,1
2009-02-03,2009,1,0.8213345177437802,1,0.2305452440652087,1
2009-02-10,2009,1,0.8765593877624517,1,0.24361076043845786,1
2009-02-17,2009,1,0.8938289977154296,1,0.24361076043845786,1
2009-02-24,2009,1,0.8707253471929643,1,0.24361076043845786,1
2009-03-03,2009,1,0.9034354914086472,1,0.24361076043845786,1
2009-03-10,2009,1,0.857834566143995,1,0.24019742379976494,1
2009-03-17,2009,1,0.7817538703634654,1,0.2195569184696654,1
2009-03-24,2009,1,0.8078865713868246,1,0.2304463953703919,1
2009-03-31,2009,1,0.8374555935265076,1,0.23799714774487812,1
2009-04-07,2009,1,0.746585004697807,1,0.21877839215557138,1
2009-04-14,2009,1,0.579158641533307,1,0.20873387120612763,1
2009-04-21,2009,1,0.5763220830347336,1,0.20691403700543443,1
2009-04-28,2009,1,0.5834785754201215,1,0.20940551674783725,1
2009-05-05,2009,1,0.18746182007413825,0,0.22806043182889812,1
2009-05-12,2009,0,0.12653586256079544,0,0.2218598483342501,1
2009-05-19,2009,0,0.122697545966383,0,0.14269353315694167,1
2009-05-26,2009,0,0.20403131888607015,0,0.1496709001409563,1
2009-06-02,2009,0,0.14960420875784378,0,0.14603641103674014,1
2009-06-09,2009,0,0.14616250002781986,0,0.14286659973856852,1
2009-06-16,2009,0,0.20493674293052933,0,0.1679660604527613,1
2009-06-23,2009,1,0.175941407907726,0,0.1491842885425233,1
2009-06-30,2009,1,0.07451459384058366,0,0.13786470033172538,1
2009-07-07,2009,0,0.209346280365819,0,0.1495829944006053,1
2009-07-14,2009,0,0.0648299777331672,0,0.13532659377426492,1
2009-07-21,2009,0,0.04599462738465728,0,0.13354664807357208,1
2009-07-28,2009,0,0.05875067259099378,0,0.1351546757272143,1
2009-08-04,2009,0,0.06322024660774468,0,0.134896885878949,1
2009-08-11,2009,0,0.08408263412275543,0,0.1381145892360205,1
2009-08-18,2009,0,0.07786411397714887,0,0.13824882660621685,1
2009-08-25,2009,0,0.05714128723159873,0,0.13481097918251617,1
2009-09-01,2009,0,0.12200706451962572,0,0.1457635940439761,1
2009-09-08,2009,0,0.05851025024437538,0,0.13840678378778748,1
2009-09-15,2009,0,0.039414867675511854,0,0.12274939498366977,1
2009-09-22,2009,0,0.03764315799701022,0,0.11179279224177963,1
2009-09-29,2009,0,0.05225594117136508,0,0.13575074704918222,1
2009-10-06,2009,0,0.058075964961257484,0,0.13877035320737596,1
2009-10-13,2009,0,0.03976753920693113,0,0.10811445803811015,1
2009-10-20,2009,0,0.0280637915245901,0,0.04325579119874845,1
2009-10-27,2009,0,0.05316426399786229,0,0.13419062847698482,1
2009-11-03,2009,0,0.11132208216911468,0,0.1425196216315071,1
2009-11-10,2009,0,0.03819257893856839,0,0.10475001173273357,1
2009-11-17,2009,0,0.03647321755877821,0,0.09132182231442687,1
2009-11-24,2009,0,0.027631924807380356,0,0.019420881225046704,1
2009-12-01,2009,0,0.03626225281689735,0,0.07517866447423582,1
2009-12-08,2009,0,0.04959385641782376,0,0.13099230933057304,1
2009-12-15,2009,0,0.033485561212655356,0,0.06121587119466232,1
2009-12-22,2009,0,0.02379482663157526,0,-0.024843513649755455,0
2009-12-29,2009,0,0.026121012164185557,0,0.0012125352921260601,1
2010-01-05,2010,0,0.019816849958967517,0,-0.038796233580569994,0
2010-01-12,2010,0,0.02063628415101548,0,-0.04720648138709754,0
2010-01-19,2010,0,0.01794217558602988,0,-0.050523089688603195,0
2010-01-26,2010,1,0.10196308819065743,0,0.05843293756823087,1
2010-02-02,2010,1,0.05610661379975398,0,0.01859441973174958,1
2010-02-09,2010,0,0.20300042161550672,0,0.09192923463176972,1
2010-02-16,2010,0,0.09795187976476984,0,0.028039961258347956,1
2010-02-23,2010,0,0.04233951889829629,0,0.0864130180406365,1
2010-03-02,2010,0,0.019800705962327095,0,0.052894704778998713,1
2010-03-09,2010,0,0.013849526366614871,0,0.05154647984251459,1
2010-03-16,2010,0,0.012771451929838395,0,0.052813704470381584,1
2010-03-23,2010,0,0.013067415708968627,0,0.002497139664899506,1
2010-03-30,2010,0,0.013936842944445431,0,0.034952644524440024,1
2010-04-06,2010,0,0.013963529764717415,0,0.003999924963020152,1
2010-04-13,2010,0,0.016590400811733665,0,-0.054461368377903385,0
2010-04-20,2010,0,0.015155434365562947,0,-0.05715825957500886,0
2010-04-27,2010,0,0.10344823562108316,0,0.03188413295066472,1
2010-05-04,2010,1,0.1759477519538049,0,0.0417996400316174,1
2010-05-11,2010,1,0.481659229585289,0,0.13199908855586484,1
2010-05-18,2010,1,0.6277798674336228,1,0.18959364734414264,1
2010-05-25,2010,1,0.7034819093168437,1,0.19295565120118285,1
2010-06-01,2010,1,0.7569004936384033,1,0.19802073174977475,1
2010-06-08,2010,1,0.7348052700715858,1,0.1909947777158103,1
2010-06-15,2010,1,0.5706514149158923,1,0.08754106514186322,1
2010-06-22,2010,1,0.6736795305518549,1,0.11486162066897465,1
2010-06-29,2010,1,0.7269595060536734,1,0.19115693440327064,1
2010-07-06,2010,0,0.7836708748408755,1,0.1387905783740928,1
2010-07-13,2010,0,0.36072555156767555,0,0.05858408925411829,1
2010-07-20,2010,0,0.2680233374609996,0,0.04486570352648667,1
2010-07-27,2010,0,0.19893854568137964,0,0.03761640871415284,1
2010-08-03,2010,0,0.08462192997191245,0,0.029212845752541017,1
2010-08-10,2010,1,0.0481513096200535,0,0.11865415067677254,1
2010-08-17,2010,1,0.09535365404738051,0,0.15497844206397893,1
2010-08-24,2010,1,0.25430999213435385,0,0.1942916215832856,1
2010-08-31,2010,0,0.34286262268667195,0,0.09423618686875668,1
2010-09-07,2010,0,0.1901349326473498,0,0.04089240191915422,1
2010-09-14,2010,0,0.08434736754254094,0,0.022846204309976192,1
2010-09-21,2010,0,0.11673065663613615,0,0.028425906133934364,1
2010-09-28,2010,0,0.14078295461581863,0,0.029396905051686906,1
2010-10-05,2010,0,0.09507623636515636,0,0.025071219808355028,1
2010-10-12,2010,0,0.032973752443701446,0,-0.037888204549959004,0
2010-10-19,2010,0,0.06632694511406109,0,-0.007207451849002455,0
2010-10-26,2010,0,0.0578093671907363,0,-0.016136010704967008,0
2010-11-02,2010,0,0.12697964241499815,0,0.023458628673032722,1
2010-11-09,2010,0,0.07283269554304117,0,-0.03837717674211555,0
2010-11-16,2010,0,0.23831105806732966,0,0.029744575007709217,1
2010-11-23,2010,0,0.15861294938791035,0,-0.007207451849002455,0
2010-11-30,2010,0,0.5799151705304374,1,0.042422556901737685,1
2010-12-07,2010,0,0.07665185455134259,0,-0.04970704726616898,0
2010-12-14,2010,0,0.07387266802228384,0,-0.04998841455687314,0
2010-12-21,2010,0,0.06945974108387025,0,-0.060034464345393945,0
2010-12-28,2010,0,0.08418251679800656,0,-0.05103920273407009,0
2011-01-04,2011,0,0.14026703460950854,0,-0.06194374529262969,0
2011-01-11,2011,0,0.1584409457212406,0,-0.057676676641731206,0
2011-01-18,2011,0,0.09627756279784624,0,-0.06039922959195393,0
2011-01-25,2011,0,0.12163378850965555,0,-0.060768315030857445,0
2011-02-01,2011,0,0.15734498061974317,0,-0.008748013728170245,0
2011-02-08,2011,0,0.10723656399510961,0,-0.01983461408681675,0
2011-02-15,2011,0,0.13612351773377931,0,-0.023594438683760488,0
2011-02-22,2011,0,0.3359494059715072,0,-0.01831921621810595,0
2011-03-01,2011,0,0.32444071285597237,0,-0.04420827876204608,0
2011-03-08,2011,0,0.39090512778833814,0,-0.04736395538250027,0
2011-03-15,2011,0,0.7556687649279246,1,-0.0027409561985051734,0
2011-03-22,2011,0,0.4276231632148249,0,-0.04155556036798863,0
2011-03-29,2011,0,0.29328333819681873,0,-0.06108005217622864,0
2011-04-05,2011,0,0.23269470135239945,0,-0.06014978075276223,0
2011-04-12,2011,0,0.3389287454250972,0,-0.059005886771666016,0
2011-04-19,2011,0,0.2597031683906354,0,-0.06002667305579623,0
2011-04-26,2011,0,0.2574133822163535,0,-0.06074605101822955,0
2011-05-03,2011,0,0.3154012696199692,0,-0.0666917273901016,0
2011-05-10,2011,0,0.22220116528496853,0,-0.05903139611860936,0
2011-05-17,2011,0,0.3207082999779135,0,-0.05959352501818038,0
2011-05-24,2011,1,0.5058960223234444,1,-0.06150804125289078,0
2011-05-31,2011,1,0.21851338680745128,0,-0.062140010660642786,0
2011-06-07,2011,0,0.40953009870138624,0,-0.06270791822201105,0
2011-06-14,2011,0,0.43017525432583587,0,-0.05941626398626432,0
2011-06-21,2011,0,0.534193969117607,1,-0.05694972988647762,0
2011-06-28,2011,0,0.7288674903066891,1,-0.05538542963445753,0
2011-07-05,2011,0,0.2911608676911548,0,-0.060332853843422185,0
2011-07-12,2011,0,0.9822860319257273,1,-0.04529238014621212,0
2011-07-19,2011,1,0.9832219439428524,1,-0.05511678273227011,0
2011-07-26,2011,1,0.9840479575695598,1,-0.04147151175112157,0
2011-08-02,2011,1,0.9983231639022738,1,-0.00029727724109723797,0
2011-08-09,2011,1,0.9924349318517793,1,0.14612370245451456,1
2011-08-16,2011,1,0.9934176929736768,1,0.11183921220118542,1
2011-08-23,2011,1,0.9939933858938014,1,0.15953236556472394,1
2011-08-30,2011,1,0.9937435221561693,1,0.1130315227500589,1
2011-09-06,2011,1,0.9938710376714265,1,0.16239443335405268,1
2011-09-13,2011,1,0.9924443733246391,1,0.1622151908062428,1
2011-09-20,2011,1,0.9928934757272576,1,0.11192201021065906,1
2011-09-27,2011,1,0.990789473678678,1,0.16872858453901163,1
2011-10-04,2011,1,0.9923479696687676,1,0.19601791085337328,1
2011-10-11,2011,0,0.9903265128375099,1,0.11192201021065906,1
2011-10-18,2011,0,0.9951849005089469,1,0.08927766276853721,1
2011-10-25,2011,1,0.9877275237077388,1,0.12884656555022456,1
2011-11-01,2011,1,0.9821391551810105,1,0.14428182492323882,1
2011-11-08,2011,1,0.9997040515133881,1,0.044602077197198,1
2011-11-15,2011,1,0.9971828320500584,1,0.09235345044244503,1
2011-11-22,2011,1,0.994982272883187,1,0.08785393300796762,1
2011-11-29,2011,1,0.9980991558846294,1,0.08765438706508,1
2011-12-06,2011,1,0.999518119781098,1,0.056595186640387096,1
2011-12-13,2011,1,0.9969134138272646,1,0.07163256263909046,1
2011-12-20,2011,1,0.986838553861191,1,0.025229946364302647,1
2011-12-27,2011,1,0.9848725264680162,1,0.009335892881220498,1
2012-01-03,2012,1,0.8567758905608643,1,0.02880622947075251,1
2012-01-10,2012,1,0.8107159777916633,1,-0.010125957158120646,0
2012-01-17,2012,1,0.7700391814335869,1,0.0184938532406429,1
2012-01-24,2012,1,0.4994504021896704,0,0.0021673976823783914,1
2012-01-31,2012,1,0.5828166337899893,1,0.0010242887358381525,1
2012-02-07,2012,0,0.27067327835805316,0,-0.0585921618797558,0
2012-02-14,2012,0,0.4129977206724485,0,-0.06196223297721026,0
2012-02-21,2012,0,0.28505898401356644,0,-0.05989818435066829,0
2012-02-28,2012,0,0.20297159139322804,0,-0.06032063173813962,0
2012-03-06,2012,0,0.2156979831432966,0,-0.05443246644174554,0
2012-03-13,2012,0,0.055507337048714266,0,-0.061448555302482666,0
2012-03-20,2012,0,0.08359695591390735,0,-0.06219662340247789,0
2012-03-27,2012,0,0.11751404640891774,0,-0.061711549281479317,0
2012-04-03,2012,1,0.15713516484519655,0,-0.012284133711577272,0
2012-04-10,2012,1,0.6072673251104925,1,-0.009757673113839571,0
2012-04-17,2012,0,0.3445991624544331,0,0.00047269244495151685,1
2012-04-24,2012,0,0.3501663900623079,0,0.0003661920009392361,1
2012-05-01,2012,0,0.24152006909083762,0,-0.010866575669840173,0
2012-05-08,2012,1,0.2944549351159408,0,0.002242794926451297,1
2012-05-15,2012,1,0.6186961616667682,1,0.014634424635901144,1
2012-05-22,2012,1,0.6705602457990605,1,0.025474591728038676,1
2012-05-29,2012,1,0.7088107958983292,1,-0.004215419821157973,0
2012-06-05,2012,1,0.841209277606817,1,0.05782638551674646,1
2012-06-12,2012,1,0.8329064118385769,1,0.015632605466388005,1
2012-06-19,2012,1,0.6502738392224142,1,0.0004491516533888795,1
2012-06-26,2012,1,0.8323025880197611,1,-0.0014117191020457942,0
2012-07-03,2012,1,0.22895113898031227,0,-0.008767932765726127,0
2012-07-10,2012,1,0.559249060397793,1,-0.00019776880523375562,0
2012-07-17,2012,1,0.270218468945545,0,-0.014205584700719087,0
2012-07-24,2012,1,0.8582357968076417,1,-0.010001176764577457,0
2012-07-31,2012,1,0.6313103386691923,1,0.002505862902013156,1
2012-08-07,2012,1,0.17984888999786391,0,-0.013251440395784186,0
2012-08-14,2012,1,0.16323006716514696,0,-0.010168999989282168,0
2012-08-21,2012,1,0.1011181905946536,0,-0.060727689009440755,0
2012-08-28,2012,1,0.1631138630136976,0,-0.06569541242851684,0
2012-09-04,2012,1,0.1453073732577768,0,-0.060589766540382284,0
2012-09-11,2012,0,0.10062367939055453,0,-0.06537813646851143,0
2012-09-18,2012,0,0.074096199476923,0,-0.05740918626773295,0
2012-09-25,2012,0,0.09301110994013297,0,-0.06374048112377895,0
2012-10-02,2012,0,0.08999261580773528,0,-0.06227296124426107,0
2012-10-09,2012,0,0.11163151131929806,0,-0.0662623084683196,0
2012-10-16,2012,0,0.07472006891845825,0,-0.06326909955281085,0
2012-10-23,2012,0,0.15757519290517952,0,-0.05687788959342921,0
2012-10-30,2012,1,0.14025502765455317,0,-0.05852346783768464,0
2012-11-06,2012,1,0.10852559956133895,0,-0.05782498999913188,0
2012-11-13,2012,0,0.11741847891860806,0,-0.06804524829583691,0
2012-11-20,2012,0,0.07086836459807874,0,-0.061806611907253006,0
2012-11-27,2012,0,0.08006283983885082,0,-0.06296455988428501,0
2012-12-04,2012,0,0.09681007247516171,0,-0.062363944897267654,0
2012-12-11,2012,0,0.07670159578037353,0,-0.06219662340247789,0
2012-12-18,2012,0,0.07411053675370703,0,-0.06219662340247789,0
2012-12-25,2012,0,0.12103525169342245,0,-0.0012128451392214301,0
2013-01-01,2013,0,0.28318651206257484,0,-0.008440194844810789,0
2013-01-08,2013,0,0.03526322351349174,0,0.019615426328480123,1
2013-01-15,2013,0,0.059932434180450286,0,0.02027444702441239,1
2013-01-22,2013,0,0.04988140210501737,0,0.002615707099752562,1
2013-01-29,2013,0,0.05325854966395858,0,0.01859393754188332,1
2013-02-05,2013,0,0.04705334263667308,0,0.01925672594007799,1
2013-02-12,2013,0,0.034231642006960585,0,0.00784411437217436,1
2013-02-19,2013,0,0.029155826040197015,0,0.0012944359755721058,1
2013-02-26,2013,0,0.18181465961134144,0,-0.012674739083542164,0
2013-03-05,2013,0,0.0445259069533285,0,0.019789782089783325,1
2013-03-12,2013,0,0.03186338020040787,0,0.00041287453557992126,1
2013-03-19,2013,0,0.05906156505176706,0,0.00575684857874692,1
2013-03-26,2013,0,0.03526211816428337,0,0.007890114522540181,1
2013-04-02,2013,0,0.03296009575983455,0,0.008091329085394228,1
2013-04-09,2013,0,0.04416422915083743,0,0.009500884511871477,1
2013-04-16,2013,0,0.04108149652740037,0,0.014413487956876692,1
2013-04-23,2013,0,0.030061687287279606,0,0.019789782089783325,1
2013-04-30,2013,0,0.03743934403628395,0,0.020949538642942245,1
2013-05-07,2013,0,0.03173516112079484,0,0.009502040946335555,1
2013-05-14,2013,0,0.029694926010263165,0,0.007890114522540181,1
2013-05-21,2013,0,0.029620378885795596,0,0.019749220982252624,1
2013-05-28,2013,0,0.04901140593201922,0,0.0037127299050234708,1
2013-06-04,2013,0,0.08285122725324268,0,-0.02372872244755536,0
2013-06-11,2013,0,0.08926961640078608,0,-0.009829122606464624,0
2013-06-18,2013,0,0.07592321274629789,0,-0.017273039860232653,0
2013-06-25,2013,0,0.17282332885034535,0,-0.005312590216498825,0
2013-07-02,2013,0,0.05189036554410145,0,-0.02025423254538039,0
2013-07-09,2013,0,0.030889929008393387,0,0.005857010864536938,1
2013-07-16,2013,0,0.03719837670262421,0,0.00518086220585634,1
2013-07-23,2013,0,0.026926271973442887,0,0.008509852177186694,1
2013-07-30,2013,0,0.028892138345071906,0,0.019744570434502062,1
2013-08-06,2013,0,0.02878359017300276,0,0.009488887703109516,1
2013-08-13,2013,0,0.020504858671139464,0,0.0012944359755721058,1
2013-08-20,2013,0,0.03772880147899368,0,-0.007646593397808377,0
2013-08-27,2013,0,0.08651970904975241,0,-0.015180251011499446,0
2013-09-03,2013,0,0.07655236448388672,0,-0.06975403985840001,0
2013-09-10,2013,0,0.05255522276287297,0,-0.055770686038613015,0
2013-09-17,2013,0,0.04555897154861779,0,-0.055770686038613015,0
2013-09-24,2013,0,0.031249667881268765,0,-0.05755216333070173,0
2013-10-01,2013,0,0.042661493966593085,0,-0.06276378523399584,0
2013-10-08,2013,0,0.1458075942490311,0,-0.011457530605133659,0
2013-10-15,2013,0,0.09957159673409247,0,-0.005851600379223221,0
2013-10-22,2013,0,0.0340282741633812,0,0.018947059802986388,1
2013-10-29,2013,0,0.03598047212227308,0,0.019080284954858806,1
2013-11-05,2013,0,0.03379107553831985,0,0.0180309296571195,1
2013-11-12,2013,0,0.026789251636357137,0,0.008821775752953065,1
2013-11-19,2013,0,0.02540660599802934,0,0.019744570434502062,1
2013-11-26,2013,0,0.02132902165835786,0,0.008169336007850525,1
2013-12-03,2013,0,0.027726114418498253,0,0.0016327364336363726,1
2013-12-10,2013,0,0.027755654393344636,0,0.015544421718202694,1
2013-12-17,2013,0,0.03905741866048161,0,-0.02226100423948052,0
2013-12-24,2013,0,0.022360417324206003,0,0.0038246143403017907,1
2013-12-31,2013,0,0.02546812614211779,0,0.01925672594007799,1
2014-01-07,2014,0,0.030525370617623865,0,0.01906332334279026,1
2014-01-14,2014,0,0.029877869774353173,0,0.012762432453103711,1
2014-01-21,2014,0,0.02960762238907891,0,0.019654516306632175,1
2014-01-28,2014,0,0.055552874650572716,0,-0.013692654189460862,0
2014-02-04,2014,0,0.09540046915813946,0,-0.005500553381428519,0
2014-02-11,2014,0,0.03692895402779406,0,0.012572467215383965,1
2014-02-18,2014,0,0.026009906936915784,0,-0.0560247533616865,0
2014-02-25,2014,0,0.024885133773047012,0,-0.06423047525934922,0
2014-03-04,2014,0,0.0280491186308569,0,-0.05110582265899688,0
2014-03-11,2014,0,0.035567603270550946,0,-0.05820867259418955,0
2014-03-18,2014,0,0.028992037131714367,0,-0.053312136091177686,0
2014-03-25,2014,0,0.02883513024223532,0,-0.049989267710730756,0
2014-04-01,2014,0,0.03041407708832913,0,-0.0638606263578968,0
2014-04-08,2014,0,0.032032285976479,0,-0.05927922823632953,0
2014-04-15,2014,0,0.044896565101407306,0,-0.07239570178558785,0
2014-04-22,2014,0,0.030175118703267705,0,-0.06804097932730047,0
2014-04-29,2014,0,0.033178352637057366,0,-0.06292162791222777,0
2014-05-06,2014,0,0.0235326135759577,0,-0.05932012524406438,0
2014-05-13,2014,0,0.027757949640962808,0,-0.03867820695861407,0
2014-05-20,2014,0,0.0306605107151421,0,-0.05914362799392725,0
2014-05-27,2014,0,0.024918308696774815,0,0.018498117204540532,1
2014-06-03,2014,0,0.02642705898317364,0,0.010031555079110355,1
2014-06-10,2014,0,0.022810124434847857,0,0.0530931364293713,1
2014-06-17,2014,0,0.024211929605683,0,0.00882634440390595,1
2014-06-24,2014,0,0.027444350855656822,0,0.01106072192075902,1
2014-07-01,2014,0,0.021668845304917028,0,0.04011910124826612,1
2014-07-08,2014,0,0.023853006537546812,0,0.007866951271252365,1
2014-07-15,2014,0,0.02568257315443218,0,-0.038829235671191176,0
2014-07-22,2014,0,0.02303413441816317,0,-0.04327955373455766,0
2014-07-29,2014,0,0.025835177316535018,0,-0.0680374315870046,0
2014-08-05,2014,0,0.04553122892511662,0,-0.07496129874355556,0
2014-08-12,2014,0,0.024317856183176806,0,-0.050735619570420165,0
2014-08-19,2014,0,0.017531766125794625,0,-0.04093142437517033,0
2014-08-26,2014,0,0.01634934918962646,0,-0.0364315831831859,0
2014-09-02,2014,0,0.017820812587791033,0,0.012736217649362058,1
2014-09-09,2014,0,0.02150049978342444,0,0.02656185632987218,1
2014-09-16,2014,0,0.01888051922209929,0,0.018051131805613907,1
2014-09-23,2014,0,0.022455687663964764,0,-0.0021047997531094542,0
2014-09-30,2014,1,0.026158814230460653,0,-0.02482626749468103,0
2014-10-07,2014,1,0.03205883406526969,0,-0.014418170354822457,0
2014-10-14,2014,0,0.0597902419095365,0,0.014793396414105264,1
2014-10-21,2014,0,0.03892973389354233,0,-0.021542161644363678,0
2014-10-28,2014,0,0.025810259545109696,0,0.01513258003154938,1
2014-11-04,2014,0,0.02659109128973336,0,-0.00015172791476875114,0
2014-11-11,2014,0,0.01971242388477564,0,0.01906332334279026,1
2014-11-18,2014,0,0.019964380818174924,0,0.024311362475763265,1
2014-11-25,2014,0,0.014575914559733526,0,0.012736217649362058,1
2014-12-02,2014,0,0.018169478841286044,0,0.019664362727967455,1
2014-12-09,2014,0,0.02594059312359707,0,-0.00015172791476875114,0
2014-12-16,2014,0,0.11267162573542135,0,0.02804200225965059,1
2014-12-23,2014,0,0.024459957037338255,0,0.0013460367853849187,1
2014-12-30,2014,0,0.0303315147526758,0,-0.018595757987677763,0
2015-01-06,2015,0,0.1260768762153674,0,-0.010312772086478017,0
2015-01-13,2015,0,0.09045682302733776,0,-0.014346211513999063,0
2015-01-20,2015,0,0.07527003379916108,0,-0.0701052273374676,0
2015-01-27,2015,0,0.03934307858810363,0,-0.0752681551692635,0
2015-02-03,2015,0,0.028472075525177536,0,-0.07713740926064111,0
2015-02-10,2015,0,0.03704046652276778,0,-0.07547164830354103,0
2015-02-17,2015,0,0.02626256204889287,0,-0.07401263839667,0
2015-02-24,2015,0,0.019561478328364718,0,-0.06459753490383652,0
2015-03-03,2015,0,0.019427097262704602,0,-0.05692867285136016,0
2015-03-10,2015,0,0.039828538629928675,0,-0.017282214800963702,0
2015-03-17,2015,0,0.035474335086072034,0,-0.010169270514160056,0
2015-03-24,2015,0,0.025300545324031146,0,0.02618798307667558,1
2015-03-31,2015,0,0.030627103711689967,0,-0.0056993641694097485,0
2015-04-07,2015,0,0.025116528794355046,0,0.0028161568758543476,1
2015-04-14,2015,0,0.02408954967006072,0,0.026755604613921014,1
2015-04-21,2015,0,0.021009964217340648,0,0.023307988118509315,1
2015-04-28,2015,0,0.019226609169896214,0,0.01140357242829626,1
2015-05-05,2015,0,0.02584068664092779,0,0.015997424376236413,1
2015-05-12,2015,0,0.021929034729304332,0,0.024311362475763265,1
2015-05-19,2015,0,0.018073371056182216,0,0.019664362727967455,1
2015-05-26,2015,0,0.023305486492775262,0,0.020900023548038327,1
2015-06-02,2015,0,0.022836965870003948,0,0.017712101058269036,1
2015-06-09,2015,0,0.03653367625094686,0,0.013798643950268752,1
2015-06-16,2015,0,0.0294623348367341,0,0.0013460367853849187,1
2015-06-23,2015,0,0.018498922700105908,0,0.010189400071050736,1
2015-06-30,2015,0,0.06126504043326417,0,-0.010486197566361377,0
2015-07-07,2015,0,0.04398098271800747,0,-0.021748131749412758,0
2015-07-14,2015,0,0.02389681338358506,0,0.024780900549998486,1
2015-07-21,2015,0,0.019460456310832087,0,0.012552961560980402,1
2015-07-28,2015,0,0.021890128917128892,0,0.025175079066906303,1
2015-08-04,2015,0,0.01921617664656928,0,0.019777177067044516,1
2015-08-11,2015,1,0.03460686914008088,0,0.02668098587878287,1
2015-08-18,2015,1,0.03577633885337104,0,0.025288546658812194,1
2015-08-25,2015,1,0.9022721219805168,1,0.1322281787385573,1
2015-09-01,2015,1,0.8585791689645801,1,0.10533534403098344,1
2015-09-08,2015,1,0.1035339639759517,0,0.05283145116059185,1
2015-09-15,2015,0,0.06169453548954131,0,0.012599939909271107,1
2015-09-22,2015,0,0.06649049548116998,0,0.010767701339342128,1
2015-09-29,2015,0,0.2226809836018623,0,0.07713425159814258,1
2015-10-06,2015,0,0.0723831758624745,0,-0.0044650846292199065,0
2015-10-13,2015,0,0.04951792904447051,0,-0.015119334461356104,0
2015-10-20,2015,0,0.022592125698472784,0,-0.0737644650725684,0
2015-10-27,2015,0,0.023972350310964542,0,-0.07202970988769081,0
2015-11-03,2015,0,0.0229582219661594,0,-0.05337653654066854,0
2015-11-10,2015,0,0.02417011692204858,0,-0.07083160829880308,0
2015-11-17,2015,0,0.04324280269676118,0,-0.007567440661393254,0
2015-11-24,2015,0,0.030937289182480156,0,-0.018583405582218715,0
2015-12-01,2015,0,0.02446782725201484,0,0.005231131109156517,1
2015-12-08,2015,0,0.0396883748867681,0,-0.014864691622632376,0
2015-12-15,2015,0,0.05663621000588048,0,-0.012450880888706384,0
2015-12-22,2015,0,0.03282232184245942,0,-0.020463527900628775,0
2015-12-29,2015,1,0.028911470852305415,0,-0.021542161644363678,0
2016-01-05,2016,1,0.049686228398282926,0,-0.023872912419962478,0
2016-01-12,2016,1,0.04714773658736966,0,-0.008826060359963472,0
2016-01-19,2016,1,0.18172310121594276,0,0.0699944166445412,1
2016-01-26,2016,1,0.08437282856696578,0,-0.009287330684895734,0
2016-02-02,2016,0,0.08576369728043655,0,-0.011322899385476759,0
2016-02-09,2016,0,0.08065975647337721,0,-0.022821675950865983,0
2016-02-16,2016,0,0.06233477279695979,0,-0.05072201850311164,0
2016-02-23,2016,0,0.05994882559735955,0,-0.06635451707308004,0
2016-03-01,2016,0,0.048319461268589714,0,-0.07807217566777075,0
2016-03-08,2016,0,0.05363483992324727,0,-0.06535164011892958,0
2016-03-15,2016,0,0.04124619129605044,0,-0.0725324256017773,0
2016-03-22,2016,0,0.044606335277021826,0,-0.0481951723506151,0
2016-03-29,2016,0,0.037925161904470504,0,-0.052614837628165656,0
2016-04-05,2016,0,0.0453071192029737,0,-0.07445202185653982,0
2016-04-12,2016,0,0.05366804877229314,0,-0.06356826735222587,0
2016-04-19,2016,0,0.04975960914184807,0,-0.05896149309183335,0
2016-04-26,2016,0,0.039654806073206615,0,-0.05053335674836962,0
2016-05-03,2016,0,0.059176160061143526,0,-0.07791647242172234,0
2016-05-10,2016,0,0.04898400440447247,0,-0.05977018227576664,0
2016-05-17,2016,0,0.051675272515270106,0,-0.07721666796726417,0
2016-05-24,2016,0,0.04088908119102893,0,-0.055827623855151554,0
2016-05-31,2016,0,0.03981724180472331,0,-0.048625330233422526,0
2016-06-07,2016,0,0.043953560808126214,0,-0.04938871219299623,0
2016-06-14,2016,0,0.05802800619106449,0,-0.06597195767086506,0
2016-06-21,2016,0,0.054072822408128815,0,-0.0682526619616528,0
2016-06-28,2016,0,0.08075017816052688,0,-0.06545541870565014,0
2016-07-05,2016,0,0.0859940559702455,0,-0.0776719751567293,0
2016-07-12,2016,0,0.06490793557795778,0,-0.06015982293782873,0
2016-07-19,2016,0,0.05981157807312494,0,-0.028795916294163004,0
2016-07-26,2016,0,0.041694487187279056,0,-0.05115746944657268,0
2016-08-02,2016,0,0.045125054599860166,0,-0.0582596448038048,0
2016-08-09,2016,0,0.03739044281977106,0,-0.026582902676014708,0
2016-08-16,2016,0,0.04203376188547497,0,-0.03809500360194934,0
2016-08-23,2016,0,0.038448143825067796,0,-0.0336688070715247,0
2016-08-30,2016,0,0.04243022782472967,0,-0.05516426948813119,0
2016-09-06,2016,0,0.034929351105090524,0,-0.029317026262205392,0
2016-09-13,2016,0,0.053753039901504346,0,-0.07664979373987485,0
2016-09-20,2016,0,0.058188396417243916,0,-0.07576841922781069,0
2016-09-27,2016,0,0.04288354772232722,0,-0.05413382319808613,0
2016-10-04,2016,0,0.04573170478766577,0,-0.05977018227576664,0
2016-10-11,2016,0,0.09379038658016495,0,-0.029291447477913235,0
2016-10-18,2016,0,0.0971173271857813,0,-0.028972142623604646,0
2016-10-25,2016,0,0.04303759054457565,0,-0.03249349367780424,0
2016-11-01,2016,0,0.12784035710721003,0,-0.035871588861018266,0
2016-11-08,2016,0,0.11975463935563448,0,-0.03393837559585222,0
2016-11-15,2016,0,0.06321239011770452,0,0.15425197017379944,1
2016-11-22,2016,0,0.06057580907023224,0,0.15383291505026464,1
2016-11-29,2016,0,0.058154486426265264,0,0.1528926914768769,1
2016-12-06,2016,0,0.03674993534316906,0,0.15811842608841942,1
2016-12-13,2016,0,0.04113227261028094,0,0.1520886984243739,1
2016-12-20,2016,0,0.03865082530954908,0,0.161359201268526,1
2016-12-27,2016,0,0.03941760328684797,0,0.1563803712674886,1
2017-01-03,2017,0,0.05670941616745699,0,0.15269484287896207,1
2017-01-10,2017,0,0.05323647090550302,0,0.15992595761404882,1
2017-01-17,2017,0,0.04596549922140767,0,0.15707146296615104,1
2017-01-24,2017,0,0.0437408557555492,0,0.16765985032246689,1
2017-01-31,2017,0,0.05022041707317432,0,-0.019715224711352897,0
2017-02-07,2017,0,0.033274453636437794,0,0.16405974234155007,1
2017-02-14,2017,0,0.027047406145382622,0,0.1418080994329578,1
2017-02-21,2017,0,0.03194399562404507,0,0.13024457371157017,1
2017-02-28,2017,0,0.034524422621780085,0,0.12593209202358135,1
2017-03-07,2017,0,0.02608907933147499,0,0.13194268271554788,1
2017-03-14,2017,0,0.04811103581963467,0,0.12929783486593904,1
2017-03-21,2017,0,0.035058124454679214,0,-0.039618698901840166,0
2017-03-28,2017,0,0.03505904160390493,0,-0.018933617938330427,0
2017-04-04,2017,0,0.03131944192870465,0,0.1305634439915957,1
2017-04-11,2017,0,0.04549244633530167,0,0.12845602002743273,1
2017-04-18,2017,0,0.0510041699300041,0,-0.06170933663009659,0
2017-04-25,2017,0,0.033437516894873516,0,0.030298280493972207,1
2017-05-02,2017,0,0.03205271969983595,0,0.042328856766397416,1
2017-05-09,2017,0,0.024907366481515595,0,0.09117673676157245,1
2017-05-16,2017,0,0.02931699921984784,0,0.03796047099780753,1
2017-05-23,2017,0,0.03214980723824503,0,0.0327414109428229,1
2017-05-30,2017,0,0.03222911707661384,0,0.06116941151973343,1
2017-06-06,2017,0,0.03449517752563643,0,0.05500568121440508,1
2017-06-13,2017,0,0.0318559215306672,0,0.05796087557641638,1
2017-06-20,2017,0,0.031729401520620724,0,0.02379314613212624,1
2017-06-27,2017,0,0.03188586706983059,0,0.007704817177597967,1
2017-07-04,2017,0,0.02830215519845017,0,-0.000736202164152655,0
2017-07-11,2017,0,0.049780976396407585,0,0.0604081800179328,1
2017-07-18,2017,0,0.0352404807938042,0,0.09057502582983556,1
2017-07-25,2017,0,0.03447204975917905,0,0.09057502582983556,1
2017-08-01,2017,0,0.0353200112443214,0,0.08915013252318083,1
2017-08-08,2017,0,0.036540552451166754,0,0.055315094990659786,1
2017-08-15,2017,0,0.03404703474482885,0,-0.03678271796504634,0
2017-08-22,2017,0,0.034246356597848686,0,-0.006113809341018683,0
2017-08-29,2017,0,0.041258452487797075,0,-0.027959925206473724,0
2017-09-05,2017,0,0.04260327253503981,0,-0.03765701891487494,0
2017-09-12,2017,0,0.0326139264172066,0,0.043426342896914716,1
2017-09-19,2017,0,0.030926482121218058,0,0.07408389399778992,1
2017-09-26,2017,0,0.031063821742042818,0,0.07519306394293945,1
2017-10-03,2017,0,0.029756117391239477,0,0.09487044216662521,1
2017-10-10,2017,0,0.03035166844727395,0,0.08171606150092425,1
2017-10-17,2017,0,0.030466696920827614,0,0.06602291051980613,1
2017-10-24,2017,0,0.03182788244569191,0,0.0006531740416544363,1
2017-10-31,2017,0,0.03091732360689884,0,0.07408389399778992,1
2017-11-07,2017,0,0.03063287163172446,0,0.09487044216662521,1
2017-11-14,2017,0,0.03730357960568488,0,0.0036925438916678432,1
2017-11-21,2017,0,0.034363544757251334,0,0.09057502582983556,1
2017-11-28,2017,0,0.03491924533971998,0,0.08977641631896194,1
2017-12-05,2017,0,0.03618951211798921,0,0.022775250423546334,1
2017-12-12,2017,0,0.034110139599644415,0,0.09001588571352803,1
2017-12-19,2017,0,0.03463098170343347,0,0.08977641631896194,1
2017-12-26,2017,0,0.0350626718824205,0,0.08875165642293192,1
2018-01-02,2018,0,0.023521223919360863,0,0.09057502582983556,1
2018-01-09,2018,0,0.02372253071238519,0,0.08915013252318083,1
2018-01-16,2018,0,0.021504930175940774,0,-0.027521171781079823,0
2018-01-23,2018,0,0.021108642089920072,0,0.0045129859449049015,1
2018-01-30,2018,0,0.03119715021785885,0,-0.06650088252319142,0
2018-02-06,2018,0,0.4401477031343941,0,0.015212606186232436,1
2018-02-13,2018,0,0.10525794833602535,0,-0.04093725344189053,0
2018-02-20,2018,0,0.05316803036358976,0,-0.06092063234828843,0
2018-02-27,2018,0,0.029768239443719452,0,-0.06438870878893,0
2018-03-06,2018,0,0.029395222614940097,0,-0.06992246640535205,0
2018-03-13,2018,0,0.018570113569199072,0,-0.07233667232192631,0
2018-03-20,2018,0,0.02515163787846026,0,-0.07357485151394955,0
2018-03-27,2018,0,0.09085124106144848,0,-0.05665370323266644,0
2018-04-03,2018,0,0.05795542857555253,0,-0.05794253549166434,0
2018-04-10,2018,0,0.047990011030263034,0,-0.061494557097526825,0
2018-04-17,2018,0,0.03677495318862522,0,-0.07185952546317315,0
2018-04-24,2018,0,0.01685294681941821,0,-0.07772345231741679,0
2018-05-01,2018,0,0.02536758439919691,0,-0.07548289198652192,0
2018-05-08,2018,0,0.03157580122685167,0,-0.06533987225907767,0
2018-05-15,2018,0,0.033924223861569694,0,-0.037403471228741325,0
2018-05-22,2018,0,0.033923391805710044,0,-0.03985173495038846,0
2018-05-29,2018,0,0.5269847875748687,1,-0.04056659351970959,0
2018-06-05,2018,0,0.07608624899201794,0,-0.03675499367260465,0
2018-06-12,2018,0,0.07366806197025985,0,-0.037721313135728185,0
2018-06-19,2018,0,0.07194937936923759,0,-0.039456941517292954,0
2018-06-26,2018,0,0.1214066777159632,0,-0.04503452149201215,0
2018-07-03,2018,0,0.08012033202512078,0,-0.049331922560125196,0
2018-07-10,2018,0,0.06678363611397403,0,-0.04212248106419353,0
2018-07-17,2018,0,0.054010896721263614,0,-0.022189464940255643,0
2018-07-24,2018,0,0.057358430160281706,0,-0.035838228332870425,0
2018-07-31,2018,0,0.06439656844332309,0,-0.04964340255663435,0
2018-08-07,2018,0,0.044766205219306944,0,0.05733350977668472,1
2018-08-14,2018,0,0.0825569279311226,0,-0.04042950803057277,0
2018-08-21,2018,0,0.07597602765180618,0,-0.0469982105353669,0
2018-08-28,2018,0,0.05348293738833935,0,-0.035792989844290524,0
2018-09-04,2018,0,0.07585456125587509,0,-0.0393754645843481,0
2018-09-11,2018,0,0.07296613882152224,0,-0.03985173495038846,0
2018-09-18,2018,0,0.06413897813074589,0,-0.04885653843656468,0
2018-09-25,2018,0,0.06571082464000247,0,-0.03641088424557759,0
2018-10-02,2018,0,0.06910484411237984,0,-0.022522019533801174,0
2018-10-09,2018,1,0.13468253861538748,0,-0.045347751562482996,0
2018-10-16,2018,1,0.1713827678855115,0,-0.03999266993138706,0
2018-10-23,2018,1,0.4765952276556993,0,-0.023571958965470874,0
2018-10-30,2018,0,0.7715606411265077,1,0.010729879145692012,1
2018-11-06,2018,0,0.14905255057631453,0,-0.05864922942599948,0
2018-11-13,2018,0,0.17993389918235375,0,-0.058593613659537414,0
2018-11-20,2018,0,0.43754061694385793,0,-0.05562420511340177,0
2018-11-27,2018,0,0.09163003697632537,0,-0.062163123703659784,0
2018-12-04,2018,0,0.16451485516792588,0,-0.05938958839801567,0
2018-12-11,2018,1,0.22753190774905416,0,-0.05678825503172524,0
2018-12-18,2018,1,0.4747589729288367,0,-0.03517565423088209,0
2018-12-25,2018,1,0.969196196256281,1,0.05722381339776561,1
2019-01-01,2019,0,0.4585463154659683,0,-0.03518115308344866,0
2019-01-08,2019,0,0.2222222222222222,0,-0.05177731968320132,0
2019-01-15,2019,0,0.2,0,-0.06577876824430434,0
2019-01-22,2019,0,0.2222222222222222,0,-0.05113911380611624,0
2019-01-29,2019,0,0.2,0,-0.057747669116163136,0
2019-02-05,2019,0,0.0,0,-0.07659345565482589,0
2019-02-12,2019,0,0.0,0,-0.07470899249805424,0
2019-02-19,2019,0,0.0,0,-0.0697079054429971,0
2019-02-26,2019,0,0.0,0,-0.0737001718825464,0
2019-03-05,2019,0,0.0,0,-0.06803310532463253,0
2019-03-12,2019,0,0.0,0,-0.06977275810323957,0
2019-03-19,2019,0,0.0,0,-0.069348328096837,0
2019-03-26,2019,0,0.0,0,-0.06784757064389602,0
2019-04-02,2019,0,0.0,0,-0.06341089701764702,0
2019-04-09,2019,0,0.0,0,-0.06428283979896054,0
2019-04-16,2019,0,0.0,0,-0.03538478845868742,0
2019-04-23,2019,0,0.0,0,-0.03811723786537652,0
2019-04-30,2019,0,0.0,0,-0.04758808264188036,0
2019-05-07,2019,0,0.5736185686461195,1,-0.031494039469790513,0
2019-05-14,2019,0,0.2222222222222222,0,-0.0371885732625315,0
2019-05-21,2019,0,0.04649047747079188,0,-0.05077480171907245,0
2019-05-28,2019,0,0.3333333333333333,0,-0.0417530782996165,0
2019-06-04,2019,0,0.2222222222222222,0,-0.04721819031373414,0
2019-06-11,2019,0,0.2,0,-0.054961711222013376,0
2019-06-18,2019,0,0.0,0,-0.07309411909920122,0
2019-06-25,2019,0,0.07868181858617525,0,-0.07136817713064869,0
2019-07-02,2019,0,0.0,0,-0.0502305231967935,0
2019-07-09,2019,0,0.0,0,-0.06610937469766293,0
2019-07-16,2019,0,0.0,0,-0.048910194873882706,0
2019-07-23,2019,0,0.0,0,-0.04345550957447808,0
2019-07-30,2019,0,0.0,0,-0.0672050577107638,0
2019-08-06,2019,0,0.2,0,-0.052223757625912914,0
2019-08-13,2019,0,0.2,0,-0.07617850313817581,0
2019-08-20,2019,0,0.2,0,-0.07621560144227396,0
2019-08-27,2019,0,0.2222222222222222,0,-0.05089890508998546,0
2019-09-03,2019,0,0.2,0,-0.056848914444730725,0
2019-09-10,2019,0,0.0,0,-0.07470755119705308,0
2019-09-17,2019,0,0.0,0,-0.06607924340234755,0
2019-09-24,2019,0,0.0,0,-0.07139420309632805,0
2019-10-01,2019,0,0.0,0,-0.06660735802346363,0
2019-10-08,2019,0,0.2,0,-0.05177048699412573,0
2019-10-15,2019,0,0.0,0,-0.06815494463310234,0
2019-10-22,2019,0,0.0,0,-0.06625304347186667,0
2019-10-29,2019,0,0.0,0,-0.06337007146452128,0
2019-11-05,2019,0,0.0,0,-0.059654805630318386,0
2019-11-12,2019,0,0.0,0,-0.044116666417729544,0
2019-11-19,2019,0,0.0,0,-0.05226594218344738,0
2019-11-26,2019,0,0.0,0,0.0051080419977582725,1
2019-12-03,2019,0,0.2,0,-0.05367472334941731,0
2019-12-10,2019,0,0.0,0,-0.048692928877624664,0
2019-12-17,2019,0,0.0,0,-0.038691970927785924,0
2019-12-24,2019,0,0.0,0,-0.046314838295373306,0
2019-12-31,2019,0,0.0,0,-0.0521019728248685,0
2020-01-07,2020,0,0.0,0,-0.0696485875992901,0
2020-01-14,2020,0,0.0,0,-0.036740440532023855,0
2020-01-21,2020,0,0.0,0,-0.04916744111654914,0
2020-01-28,2020,0,0.0,0,-0.07136817713064869,0
2020-02-04,2020,0,0.0,0,-0.07344344863763352,0
2020-02-11,2020,1,0.0,0,-0.07441482833142854,0
2020-02-18,2020,1,0.0,0,-0.06959489743406888,0
2020-02-25,2020,1,0.6666666666666666,1,0.0038768640166857438,1
2020-03-03,2020,1,0.6666666666666666,1,0.07097013531643359,1
2020-03-10,2020,1,0.6666666666666666,1,0.1646220212404078,1
2020-03-17,2020,1,0.6666666666666666,1,0.24042164309158653,1
2020-03-24,2020,1,0.6666666666666666,1,0.24564687893572223,1
2020-03-31,2020,1,0.6666666666666666,1,0.20857915506460278,1
2020-04-07,2020,1,0.6666666666666666,1,0.15848944135381726,1
2020-04-14,2020,1,0.6666666666666666,1,0.07500688251112486,1
2020-04-21,2020,1,0.6666666666666666,1,0.21996342314421236,1
2020-04-28,2020,1,0.6666666666666666,1,0.035342403759597185,1
2020-05-05,2020,1,0.6666666666666666,1,0.03584332967172621,1
2020-05-12,2020,1,0.6666666666666666,1,0.02566769483277076,1
2020-05-19,2020,0,0.6666666666666666,1,0.022970175576363494,1
2020-05-26,2020,0,0.6666666666666666,1,0.004644873604968014,1
2020-06-02,2020,0,0.6666666666666666,1,-0.009795066727396606,0
2020-06-09,2020,1,0.6666666666666666,1,0.0016821690246553445,1
2020-06-16,2020,1,0.6666666666666666,1,0.03668009908330694,1
2020-06-23,2020,0,0.6666666666666666,1,0.023573864123385357,1
2020-06-30,2020,0,0.6666666666666666,1,0.023236201241800702,1
2020-07-07,2020,0,0.6666666666666666,1,0.018045981094455543,1
2020-07-14,2020,0,0.6666666666666666,1,0.019487000504810004,1
2020-07-21,2020,0,0.6666666666666666,1,-0.03566472160037948,0
2020-07-28,2020,0,0.6666666666666666,1,-0.03561402413009368,0
2020-08-04,2020,0,0.6666666666666666,1,-0.04298892832009027,0
2020-08-11,2020,0,0.6666666666666666,1,-0.03884313211099394,0
2020-08-18,2020,0,0.6666666666666666,1,-0.04797056433842889,0
2020-08-25,2020,1,0.6666666666666666,1,-0.04424051736198864,0
2020-09-01,2020,1,0.6666666666666666,1,-0.024336763421310637,0
2020-09-08,2020,0,0.6666666666666666,1,0.023587475987046913,1
2020-09-15,2020,1,0.6666666666666666,1,-0.03543905493423749,0
2020-09-22,2020,1,0.6666666666666666,1,-0.008836447617695475,0
2020-09-29,2020,0,0.6666666666666666,1,-0.022153031787882194,0
2020-10-06,2020,0,0.6666666666666666,1,0.018963017985449082,1
2020-10-13,2020,0,0.6666666666666666,1,-0.025042003596579432,0
2020-10-20,2020,1,0.6666666666666666,1,0.018167024446849922,1
2020-10-27,2020,1,0.6666666666666666,1,0.030538778608763195,1
2020-11-03,2020,1,0.6666666666666666,1,0.060319580098928016,1
2020-11-10,2020,0,0.6666666666666666,1,0.04719044308289155,1
2020-11-17,2020,0,0.6666666666666666,1,-0.005333442391631027,0
2020-11-24,2020,0,0.6666666666666666,1,-0.016976195904599922,0
2020-12-01,2020,0,0.14285714285714285,0,-0.031247503242815833,0
2020-12-08,2020,0,0.15133504071189072,0,-0.03321798133924636,0
2020-12-15,2020,0,0.6666666666666666,1,-0.0013446668022639163,0
2020-12-22,2020,0,0.6666666666666666,1,0.035020912552188976,1
2020-12-29,2020,0,0.6666666666666666,1,0.0060823247043994,1
2021-01-05,2021,0,0.441179841510719,0,0.05375491921152409,1
2021-01-12,2021,0,0.26678073212132997,0,0.013087343590862277,1
2021-01-19,2021,0,0.267197022626522,0,0.01058814716449108,1
2021-01-26,2021,0,0.258692296928861,0,0.006748770975730234,1
2021-02-02,2021,0,0.43289784089787137,0,0.056642025171141364,1
2021-02-09,2021,0,0.16884030387188678,0,-0.0183544474809324,0
2021-02-16,2021,0,0.149828632255305,0,-0.017661673772509878,0
2021-02-23,2021,0,0.2326858395201684,0,0.009374014684196519,1
2021-03-02,2021,0,0.2680757545216681,0,0.03348073099803661,1
2021-03-09,2021,0,0.26134478389674815,0,0.03237753214508232,1
2021-03-16,2021,0,0.08533608118056596,0,-0.028145607579497856,0
2021-03-23,2021,0,0.10184455803420123,0,-0.02899974487280993,0
2021-03-30,2021,0,0.07896397885325263,0,-0.02780617288685272,0
2021-04-06,2021,0,0.1242938245701659,0,-0.03657713355619896,0
2021-04-13,2021,0,0.08614406050086125,0,-0.052539050065827875,0
2021-04-20,2021,0,0.1365404359924124,0,-0.0371462540842436,0
