Data,VIX3M,VIX9D,VVIX,SKEW,OVX,GVZ,NFCI,STLFSI
2000-01-11,,,,114.98,,,-0.171,0.2798
2000-01-18,,,,114.38,,,-0.181,-0.0114
2000-01-25,,,,116.07,,,-0.192,-0.0442
2000-02-01,,,,114.12,,,-0.202,0.01
2000-02-08,,,,117.35,,,-0.21,0.0814
2000-02-15,,,,116.07,,,-0.211,-0.0475
2000-02-22,,,,112.47,,,-0.209,0.1014
2000-02-29,,,,111.42,,,-0.201,0.1681
2000-03-07,,,,110.37,,,-0.188,0.2737
2000-03-14,,,,113.41,,,-0.172,-0.0068
2000-03-21,,,,113.79,,,-0.152,0.0603
2000-03-28,,,,113.33,,,-0.13,0.0144
2000-04-04,,,,112.55,,,-0.108,-0.126
2000-04-11,,,,112.51,,,-0.087,0.2288
2000-04-18,,,,112.79,,,-0.072,0.4607
2000-04-25,,,,115.89,,,-0.058,0.4743
2000-05-02,,,,114.73,,,-0.045,0.4308
2000-05-09,,,,113.7,,,-0.031,0.2971
2000-05-16,,,,113.51,,,-0.016,0.4584
2000-05-23,,,,111.23,,,-0.001,0.4885
2000-05-30,,,,109.94,,,0.013,0.2513
2000-06-06,,,,109.78,,,0.025,0.5928
2000-06-13,,,,111.96,,,0.032,0.4804
2000-06-20,,,,112.34,,,0.033,0.432
2000-06-27,,,,110.62,,,0.029,0.4025
2000-07-04,,,,107.35,,,0.017,0.4371
2000-07-11,,,,110.44,,,-0.001,0.3724
2000-07-18,,,,112.25,,,-0.025,0.2986
2000-07-25,,,,110.22,,,-0.054,0.1544
2000-08-01,,,,112.98,,,-0.085,0.074
2000-08-08,,,,108.59,,,-0.115,0.1362
2000-08-15,,,,108.88,,,-0.142,0.1421
2000-08-22,,,,108.35,,,-0.166,-0.0067
2000-08-29,,,,111.37,,,-0.184,0.0042
2000-09-05,,,,112.5,,,-0.197,0.0272
2000-09-12,,,,112.02,,,-0.204,-0.0597
2000-09-19,,,,111.81,,,-0.206,0.0756
2000-09-26,,,,111.81,,,-0.205,0.0916
2000-10-03,,,,113.27,,,-0.201,0.257
2000-10-10,,,,110.96,,,-0.195,0.1391
2000-10-17,,,,110.35,,,-0.189,0.1899
2000-10-24,,,,115.03,,,-0.181,0.6849
2000-10-31,,,,116.81,,,-0.174,0.4904
2000-11-07,,,,118.3,,,-0.167,0.322
2000-11-14,,,,119.84,,,-0.157,0.1258
2000-11-21,,,,119.0,,,-0.143,0.31
2000-11-28,,,,113.17,,,-0.125,0.4166
2000-12-05,,,,109.78,,,-0.105,0.555
2000-12-12,,,,113.11,,,-0.084,0.6007
2000-12-19,,,,112.15,,,-0.069,0.6476
2000-12-26,,,,110.78,,,-0.064,0.4715
2001-01-02,,,,109.65,,,-0.069,0.9288
2001-01-09,,,,111.07,,,-0.089,0.7128
2001-01-16,,,,110.7,,,-0.118,0.938
2001-01-23,,,,111.59,,,-0.153,0.5089
2001-01-30,,,,111.38,,,-0.189,0.3005
2001-02-06,,,,112.28,,,-0.222,0.2706
2001-02-13,,,,112.07,,,-0.249,0.4232
2001-02-20,,,,112.1,,,-0.267,0.3895
2001-02-27,,,,112.65,,,-0.276,0.2971
2001-03-06,,,,111.93,,,-0.275,0.6672
2001-03-13,,,,110.69,,,-0.269,0.5693
2001-03-20,,,,112.89,,,-0.26,0.4235
2001-03-27,,,,111.57,,,-0.251,0.8035
2001-04-03,,,,109.1,,,-0.248,1.0729
2001-04-10,,,,109.73,,,-0.251,0.5398
2001-04-17,,,,110.44,,,-0.261,1.051
2001-04-24,,,,113.24,,,-0.28,0.7411
2001-05-01,,,,113.17,,,-0.304,0.637
2001-05-08,,,,113.96,,,-0.331,0.7817
2001-05-15,,,,115.2,,,-0.359,0.326
2001-05-22,,,,117.74,,,-0.384,0.4292
2001-05-29,,,,112.91,,,-0.404,0.4373
2001-06-05,,,,109.7,,,-0.42,0.3787
2001-06-12,,,,114.05,,,-0.431,0.4236
2001-06-19,,,,113.35,,,-0.438,0.4023
2001-06-26,,,,111.85,,,-0.444,0.476
2001-07-03,,,,110.24,,,-0.45,0.5151
2001-07-10,,,,111.08,,,-0.457,0.3199
2001-07-17,,,,112.66,,,-0.466,0.2843
2001-07-24,,,,113.12,,,-0.476,0.5701
2001-07-31,,,,115.31,,,-0.487,0.4633
2001-08-07,,,,114.76,,,-0.496,0.34
2001-08-14,,,,116.55,,,-0.5,0.2655
2001-08-21,,,,115.46,,,-0.496,0.2792
2001-08-28,,,,114.39,,,-0.482,0.3941
2001-09-04,,,,113.1,,,-0.458,0.4893
2001-09-11,,,,112.5,,,-0.428,0.414
2001-09-18,,,,114.97,,,-0.395,0.5181
2001-09-25,,,,115.02,,,-0.363,1.5048
2001-10-02,,,,117.19,,,-0.341,2.0166
2001-10-09,,,,118.48,,,-0.335,0.7589
2001-10-16,,,,119.86,,,-0.336,1.1568
2001-10-23,,,,119.8,,,-0.347,0.8803
2001-10-30,,,,117.09,,,-0.362,0.7896
2001-11-06,,,,116.74,,,-0.378,0.764
2001-11-13,,,,120.22,,,-0.39,1.0798
2001-11-20,,,,120.48,,,-0.395,0.8691
2001-11-27,,,,118.32,,,-0.393,0.3877
2001-12-04,,,,121.64,,,-0.383,0.5204
2001-12-11,,,,118.04,,,-0.37,0.7062
2001-12-18,,,,122.32,,,-0.358,0.7974
2001-12-25,,,,124.62,,,-0.351,0.7865
2002-01-01,,,,121.13,,,-0.354,0.7752
2002-01-08,,,,121.56,,,-0.366,0.61
2002-01-15,,,,121.97,,,-0.386,0.5722
2002-01-22,,,,120.72,,,-0.411,0.5623
2002-01-29,,,,118.28,,,-0.437,0.6145
2002-02-05,,,,118.14,,,-0.458,0.3668
2002-02-12,,,,119.92,,,-0.473,0.5255
2002-02-19,,,,120.85,,,-0.483,0.6916
2002-02-26,,,,118.27,,,-0.488,0.3849
2002-03-05,,,,116.82,,,-0.488,0.5656
2002-03-12,,,,117.23,,,-0.487,0.3961
2002-03-19,,,,115.47,,,-0.486,0.1976
2002-03-26,,,,118.6,,,-0.487,0.1682
2002-04-02,,,,113.95,,,-0.491,0.2989
2002-04-09,,,,115.62,,,-0.499,0.3582
2002-04-16,,,,116.62,,,-0.513,0.4593
2002-04-23,,,,114.78,,,-0.531,0.4248
2002-04-30,,,,114.75,,,-0.553,0.3137
2002-05-07,,,,111.95,,,-0.576,0.3988
2002-05-14,,,,113.67,,,-0.598,0.282
2002-05-21,,,,114.76,,,-0.615,0.3696
2002-05-28,,,,114.69,,,-0.625,0.1658
2002-06-04,,,,114.32,,,-0.627,0.3826
2002-06-11,,,,111.96,,,-0.621,0.361
2002-06-18,,,,113.27,,,-0.607,0.5437
2002-06-25,,,,111.11,,,-0.586,0.6441
2002-07-02,,,,110.77,,,-0.562,0.6717
2002-07-09,,,,110.75,,,-0.534,0.9967
2002-07-16,,,,110.7,,,-0.507,0.7932
2002-07-23,,,,107.9,,,-0.48,0.9378
2002-07-30,,,,113.22,,,-0.456,1.0578
2002-08-06,,,,110.55,,,-0.436,1.5398
2002-08-13,,,,113.56,,,-0.421,0.9428
2002-08-20,,,,115.84,,,-0.41,1.3336
2002-08-27,,,,116.84,,,-0.402,1.08
2002-09-03,,,,113.27,,,-0.394,0.8684
2002-09-10,,,,116.37,,,-0.386,0.8631
2002-09-17,,,,114.45,,,-0.375,1.3585
2002-09-24,,,,110.47,,,-0.365,1.0168
2002-10-01,,,,110.56,,,-0.356,1.3237
2002-10-08,,,,107.39,,,-0.35,1.4551
2002-10-15,,,,111.9,,,-0.349,1.2711
2002-10-22,,,,113.59,,,-0.355,1.561
2002-10-29,,,,112.49,,,-0.367,0.7626
2002-11-05,,,,114.43,,,-0.382,1.0056
2002-11-12,,,,113.04,,,-0.4,1.2396
2002-11-19,,,,111.66,,,-0.418,1.0813
2002-11-26,,,,113.07,,,-0.433,1.0249
2002-12-03,,,,111.89,,,-0.444,0.5345
2002-12-10,,,,111.33,,,-0.45,0.6893
2002-12-17,,,,112.25,,,-0.453,0.88
2002-12-24,,,,114.46,,,-0.457,0.8996
2002-12-31,,,,114.34,,,-0.461,0.6816
2003-01-07,,,,112.79,,,-0.468,0.924
2003-01-14,,,,114.01,,,-0.479,0.9398
2003-01-21,,,,112.81,,,-0.492,0.4812
2003-01-28,,,,110.24,,,-0.504,0.6739
2003-02-04,,,,109.7,,,-0.513,0.9605
2003-02-11,,,,110.93,,,-0.521,0.9348
2003-02-18,,,,112.94,,,-0.525,0.9667
2003-02-25,,,,110.3,,,-0.527,0.9179
2003-03-04,,,,108.82,,,-0.53,0.6932
2003-03-11,,,,106.89,,,-0.534,0.6904
2003-03-18,,,,108.41,,,-0.541,0.7528
2003-03-25,,,,109.65,,,-0.551,0.8071
2003-04-01,,,,108.81,,,-0.565,0.4616
2003-04-08,,,,108.85,,,-0.585,0.6689
2003-04-15,,,,110.78,,,-0.608,0.5741
2003-04-22,,,,107.94,,,-0.633,0.45
2003-04-29,,,,109.58,,,-0.658,0.2732
2003-05-06,,,,111.78,,,-0.679,0.2671
2003-05-13,,,,111.48,,,-0.695,0.2257
2003-05-20,,,,111.54,,,-0.705,0.266
2003-05-27,,,,114.22,,,-0.709,0.3698
2003-06-03,,,,113.65,,,-0.71,0.6072
2003-06-10,,,,112.49,,,-0.708,0.4121
2003-06-17,,,,111.33,,,-0.707,0.3439
2003-06-24,,,,110.87,,,-0.706,0.4019
2003-07-01,,,,113.01,,,-0.707,0.2383
2003-07-08,,,,111.15,,,-0.709,0.4486
2003-07-15,,,,108.91,,,-0.712,0.376
2003-07-22,,,,110.15,,,-0.714,0.2527
2003-07-29,,,,109.56,,,-0.712,0.1094
2003-08-05,,,,109.14,,,-0.707,0.1309
2003-08-12,,,,113.97,,,-0.698,0.2853
2003-08-19,,,,116.03,,,-0.688,0.5592
2003-08-26,,,,114.47,,,-0.678,0.162
2003-09-02,,,,115.9,,,-0.67,0.181
2003-09-09,,,,114.64,,,-0.665,0.083
2003-09-16,,,,112.79,,,-0.664,0.1151
2003-09-23,,,,114.43,,,-0.666,0.2178
2003-09-30,,,,113.19,,,-0.671,-0.0694
2003-10-07,,,,115.57,,,-0.678,0.0405
2003-10-14,,,,115.3,,,-0.685,0.137
2003-10-21,,,,115.37,,,-0.694,-0.1703
2003-10-28,,,,115.84,,,-0.702,-0.3426
2003-11-04,,,,115.94,,,-0.707,-0.0822
2003-11-11,,,,117.09,,,-0.712,-0.2251
2003-11-18,,,,116.92,,,-0.714,-0.3009
2003-11-25,,,,123.36,,,-0.714,-0.192
2003-12-02,,,,121.17,,,-0.713,-0.0537
2003-12-09,,,,120.14,,,-0.712,-0.3499
2003-12-16,,,,128.7,,,-0.71,-0.2662
2003-12-23,,,,123.77,,,-0.71,-0.2267
2003-12-30,,,,123.67,,,-0.714,-0.2308
2004-01-06,,,,125.19,,,-0.72,-0.2216
2004-01-13,,,,124.69,,,-0.73,-0.271
2004-01-20,,,,120.06,,,-0.743,-0.3517
2004-01-27,,,,113.81,,,-0.757,-0.328
2004-02-03,,,,115.29,,,-0.77,-0.4462
2004-02-10,,,,118.87,,,-0.783,-0.3806
2004-02-17,,,,117.77,,,-0.793,-0.3572
2004-02-24,,,,116.66,,,-0.802,-0.4339
2004-03-02,,,,117.8,,,-0.808,-0.4696
2004-03-09,,,,115.74,,,-0.811,-0.493
2004-03-16,,,,116.97,,,-0.811,-0.6483
2004-03-23,,,,120.85,,,-0.81,-0.2876
2004-03-30,,,,120.28,,,-0.806,-0.34
2004-04-06,,,,120.47,,,-0.799,-0.2989
2004-04-13,,,,124.34,,,-0.791,-0.6561
2004-04-20,,,,116.03,,,-0.78,-0.5859
2004-04-27,,,,116.68,,,-0.767,-0.4655
2004-05-04,,,,113.57,,,-0.753,-0.4407
2004-05-11,,,,114.67,,,-0.738,-0.3945
2004-05-18,,,,116.98,,,-0.723,-0.3988
2004-05-25,,,,116.48,,,-0.711,-0.3077
2004-06-01,,,,120.81,,,-0.7,-0.4426
2004-06-08,,,,128.86,,,-0.693,-0.5675
2004-06-15,,,,127.09,,,-0.688,-0.5497
2004-06-22,,,,121.54,,,-0.685,-0.735
2004-06-29,,,,117.96,,,-0.683,-0.5054
2004-07-06,,,,116.9,,,-0.684,-0.5258
2004-07-13,,,,121.25,,,-0.685,-0.4956
2004-07-20,,,,125.86,,,-0.687,-0.3825
2004-07-27,,,,117.8,,,-0.689,-0.5441
2004-08-03,,,,118.28,,,-0.691,-0.5356
2004-08-10,,,,119.62,,,-0.693,-0.5314
2004-08-17,,,,120.09,,,-0.694,-0.3037
2004-08-24,,,,119.79,,,-0.696,-0.4695
2004-08-31,,,,118.73,,,-0.697,-0.4928
2004-09-07,,,,122.16,,,-0.698,-0.6215
2004-09-14,,,,127.52,,,-0.698,-0.5353
2004-09-21,,,,123.7,,,-0.698,-0.6496
2004-09-28,,,,121.25,,,-0.698,-0.5985
2004-10-05,,,,118.8,,,-0.697,-0.6228
2004-10-12,,,,119.6,,,-0.696,-0.6127
2004-10-19,,,,116.09,,,-0.697,-0.5988
2004-10-26,,,,114.31,,,-0.698,-0.4287
2004-11-02,,,,114.08,,,-0.7,-0.485
2004-11-09,,,,113.33,,,-0.703,-0.6587
2004-11-16,,,,110.01,,,-0.707,-0.797
2004-11-23,,,,108.42,,,-0.711,-0.8379
2004-11-30,,,,108.85,,,-0.713,-0.7579
2004-12-07,,,,110.52,,,-0.713,-0.8254
2004-12-14,,,,117.0,,,-0.712,-0.7154
2004-12-21,,,,119.41,,,-0.708,-0.6932
2004-12-28,,,,114.27,,,-0.704,-0.8955
2005-01-04,,,,116.03,,,-0.699,-0.8339
2005-01-11,,,,115.29,,,-0.695,-0.8336
2005-01-18,,,,117.55,,,-0.693,-0.7236
2005-01-25,,,,121.29,,,-0.694,-0.6948
2005-02-01,,,,119.92,,,-0.696,-0.7034
2005-02-08,,,,120.75,,,-0.701,-0.778
2005-02-15,,,,121.3,,,-0.706,-0.8737
2005-02-22,,,,124.5,,,-0.71,-0.8336
2005-03-01,,,,118.15,,,-0.711,-0.9484
2005-03-08,,,,127.25,,,-0.708,-0.9623
2005-03-15,,,,115.41,,,-0.701,-0.9312
2005-03-22,,,,117.15,,,-0.691,-0.9471
2005-03-29,,,,117.21,,,-0.678,-0.7857
2005-04-05,,,,118.07,,,-0.663,-0.735
2005-04-12,,,,111.18,,,-0.649,-0.7025
2005-04-19,,,,121.86,,,-0.636,-0.7164
2005-04-26,,,,118.98,,,-0.625,-0.6679
2005-05-03,,,,118.29,,,-0.615,-0.5971
2005-05-10,,,,117.85,,,-0.608,-0.7459
2005-05-17,,,,122.02,,,-0.603,-0.7571
2005-05-24,,,,130.79,,,-0.599,-0.5991
2005-05-31,,,,120.56,,,-0.598,-0.5013
2005-06-07,,,,118.38,,,-0.598,-0.7863
2005-06-14,,,,120.13,,,-0.598,-0.6848
2005-06-21,,,,123.75,,,-0.599,-0.6855
2005-06-28,,,,119.31,,,-0.6,-0.788
2005-07-05,,,,123.74,,,-0.602,-0.663
2005-07-12,,,,114.08,,,-0.604,-0.7829
2005-07-19,,,,122.06,,,-0.606,-0.7281
2005-07-26,,,,128.46,,,-0.609,-0.891
2005-08-02,,,,124.73,,,-0.611,-0.8389
2005-08-09,,,,129.16,,,-0.612,-0.926
2005-08-16,,,,124.23,,,-0.611,-0.9142
2005-08-23,,,,128.47,,,-0.609,-0.88
2005-08-30,,,,127.27,,,-0.604,-0.7971
2005-09-06,,,,124.65,,,-0.597,-0.8071
2005-09-13,,,,120.11,,,-0.589,-0.6319
2005-09-20,,,,121.28,,,-0.581,-0.8308
2005-09-27,,,,121.38,,,-0.574,-0.838
2005-10-04,,,,116.57,,,-0.568,-0.7812
2005-10-11,,,,117.99,,,-0.566,-0.843
2005-10-18,,,,120.57,,,-0.566,-0.7049
2005-10-25,,,,124.62,,,-0.57,-0.5722
2005-11-01,,,,126.11,,,-0.576,-0.8253
2005-11-08,,,,122.33,,,-0.582,-0.8666
2005-11-15,,,,120.09,,,-0.586,-0.9018
2005-11-22,,,,122.0,,,-0.587,-0.8288
2005-11-29,,,,120.69,,,-0.584,-0.7156
2005-12-06,,,,117.12,,,-0.579,-0.7659
2005-12-13,,,,128.59,,,-0.573,-0.71
2005-12-20,,,,122.6,,,-0.566,-0.7032
2005-12-27,,,,115.3,,,-0.561,-0.7186
2006-01-03,,,,114.0,,,-0.56,-0.682
2006-01-10,,,,116.79,,,-0.562,-0.6389
2006-01-17,,,,115.04,,,-0.568,-0.8389
2006-01-24,,,,128.73,,,-0.578,-0.9896
2006-01-31,,,,120.99,,,-0.589,-0.8195
2006-02-07,,,,116.92,,,-0.602,-0.9964
2006-02-14,,,,119.3,,,-0.612,-1.0564
2006-02-21,,,,128.57,,,-0.621,-0.9241
2006-02-28,,,,124.61,,,-0.628,-1.0243
2006-03-07,,,71.73,116.21,,,-0.632,-1.106
2006-03-14,,,71.73,114.43,,,-0.633,-1.0734
2006-03-21,,,37.35,120.69,,,-0.632,-0.9664
2006-03-28,,,37.35,118.71,,,-0.631,-1.01
2006-04-04,,,37.35,117.06,,,-0.629,-1.0493
2006-04-11,,,69.55,113.56,,,-0.627,-1.0466
2006-04-18,,,69.55,116.74,,,-0.625,-1.0206
2006-04-25,,,61.33,129.66,,,-0.623,-0.9522
2006-05-02,,,61.96,124.01,,,-0.621,-1.0339
2006-05-09,,,61.96,123.02,,,-0.618,-1.0936
2006-05-16,,,61.96,130.15,,,-0.613,-1.1018
2006-05-23,,,88.66,125.15,,,-0.605,-1.1078
2006-05-30,,,82.14,122.67,,,-0.594,-0.878
2006-06-06,,,78.66,121.79,,,-0.581,-0.7811
2006-06-13,,,93.2,121.55,,,-0.567,-0.9167
2006-06-20,,,94.76,126.54,,,-0.553,-0.7879
2006-06-27,,,95.12,120.3,,,-0.541,-0.7271
2006-07-04,,,89.13,120.93,,,-0.532,-0.8061
2006-07-11,,,91.99,119.17,,,-0.528,-0.8526
2006-07-18,,,91.99,122.9,,,-0.528,-0.9753
2006-07-25,,,94.97,120.53,,,-0.534,-0.7737
2006-08-01,,,92.67,119.49,,,-0.544,-0.7728
2006-08-08,,,88.09,118.18,,,-0.558,-0.9237
2006-08-15,,,88.09,118.88,,,-0.572,-0.8817
2006-08-22,,,78.75,124.0,,,-0.585,-0.9144
2006-08-29,,,81.8,126.53,,,-0.595,-1.0188
2006-09-05,,,80.18,124.31,,,-0.602,-0.9697
2006-09-12,,,80.99,126.42,,,-0.605,-0.9379
2006-09-19,,,81.77,125.03,,,-0.605,-0.9032
2006-09-26,,,81.59,121.64,,,-0.605,-0.9346
2006-10-03,,,86.57,116.93,,,-0.604,-0.8158
2006-10-10,,,83.62,118.43,,,-0.605,-0.7874
2006-10-17,,,66.99,117.7,,,-0.609,-0.8388
2006-10-24,,,87.39,114.68,,,-0.615,-1.0269
2006-10-31,,,76.4,111.48,,,-0.621,-0.9608
2006-11-07,,,67.5,115.72,,,-0.627,-0.9971
2006-11-14,,,60.77,113.75,,,-0.63,-0.8733
2006-11-21,,,65.3,118.53,,,-0.631,-0.9993
2006-11-28,,,66.56,121.89,,,-0.63,-0.99
2006-12-05,,,65.87,127.14,,,-0.626,-0.9176
2006-12-12,,,74.78,124.46,,,-0.622,-0.7861
2006-12-19,,,78.91,129.55,,,-0.619,-0.9063
2006-12-26,,,85.28,123.4,,,-0.619,-0.9875
2007-01-02,,,88.16,121.25,,,-0.624,-0.9277
2007-01-09,,,92.76,116.28,,,-0.632,-0.9631
2007-01-16,,,85.3,120.78,,,-0.644,-0.8733
2007-01-23,,,81.48,122.77,,,-0.657,-0.9857
2007-01-30,,,78.9,119.53,,,-0.669,-1.093
2007-02-06,,,68.55,122.78,,,-0.678,-1.1276
2007-02-13,,,75.72,125.32,,,-0.682,-1.0864
2007-02-20,,,65.87,120.99,,,-0.68,-1.0801
2007-02-27,,,110.42,112.5,,,-0.673,-1.0998
2007-03-06,,,93.65,121.14,,,-0.661,-1.1213
2007-03-13,,,94.53,130.04,,,-0.645,-0.6765
2007-03-20,,,89.55,127.35,,,-0.631,-0.7806
2007-03-27,,,101.0,122.89,,,-0.619,-0.84
2007-04-03,,,94.98,124.18,,,-0.611,-1.0113
2007-04-10,,,87.37,125.94,,,-0.605,-0.9484
2007-04-17,,,83.68,130.62,,,-0.601,-0.9509
2007-04-24,,,77.83,124.17,,,-0.598,-1.023
2007-05-01,,,81.28,125.45,,,-0.593,-1.023
2007-05-08,,,79.9,120.74,,,-0.586,-1.0
2007-05-15,,,76.68,121.17,,,-0.577,-0.9066
2007-05-22,,,72.36,124.74,,,-0.568,-0.9588
2007-05-29,,,72.48,124.05,,,-0.559,-0.9283
2007-06-05,,,69.24,122.93,,,-0.551,-0.9727
2007-06-12,,,69.48,119.51,,,-0.545,-0.9189
2007-06-19,,,67.24,123.38,,,-0.542,-0.8
2007-06-26,,,82.01,116.03,,,-0.539,-0.7242
2007-07-03,,,74.63,119.87,,,-0.534,-0.6722
2007-07-10,,,79.99,117.48,,,-0.522,-0.5472
2007-07-17,,,72.41,117.99,,,-0.497,-0.7713
2007-07-24,,,79.32,116.13,,,-0.451,-0.6833
2007-07-31,,,104.08,115.53,,,-0.382,-0.6705
2007-08-07,,,85.96,116.92,,,-0.288,-0.1315
2007-08-14,,,114.96,115.01,,,-0.176,0.0052
2007-08-21,,,122.6,117.76,,,-0.056,0.1475
2007-08-28,,,119.79,118.95,,,0.061,1.2416
2007-09-04,,,104.87,119.62,,,0.155,1.3073
2007-09-11,,,103.75,116.45,,,0.207,1.024
2007-09-18,,,92.33,116.4,,,0.223,1.4993
2007-09-25,,,94.33,118.58,,,0.199,1.598
2007-10-02,,,88.74,121.78,,,0.143,0.7242
2007-10-09,,,79.93,119.13,,,0.079,0.7203
2007-10-16,,,91.47,116.64,,,0.018,0.6476
2007-10-23,,,86.42,116.42,,,-0.022,0.3664
2007-10-30,,,100.37,114.46,,,-0.029,0.7494
2007-11-06,,,92.7,115.46,,,0.001,0.8203
2007-11-13,,,92.58,121.09,,,0.068,0.4845
2007-11-20,,,91.34,114.1,,,0.166,1.1667
2007-11-27,,,90.7,109.31,,,0.277,1.1878
2007-12-04,,,86.85,110.37,,,0.389,1.9482
2007-12-11,,,82.58,111.27,,,0.483,2.0911
2007-12-18,,,80.83,110.38,,,0.547,1.9747
2007-12-25,,,79.85,115.86,,,0.574,1.9364
2008-01-01,,,82.19,111.65,,,0.564,1.8039
2008-01-08,,,79.59,109.17,,,0.526,1.3369
2008-01-15,,,81.13,108.15,,,0.478,1.6533
2008-01-22,,,86.58,114.61,,,0.433,1.3146
2008-01-29,,,77.46,113.82,,,0.409,0.9975
2008-02-05,,,75.06,112.01,,,0.416,1.6526
2008-02-12,,,72.52,113.97,,,0.445,0.9857
2008-02-19,,,69.6,113.57,,,0.507,1.5291
2008-02-26,,,68.59,112.39,,,0.592,1.306
2008-03-04,,,69.95,110.07,,,0.692,1.1582
2008-03-11,,,73.76,112.71,,,0.792,1.4552
2008-03-18,,,72.97,112.4,,,0.884,2.4818
2008-03-25,,,68.65,114.87,,,0.946,2.0586
2008-04-01,,,66.96,111.31,,,0.971,2.4058
2008-04-08,,,67.3,112.13,,,0.951,1.6913
2008-04-15,,,68.15,109.9,,,0.899,1.7463
2008-04-22,,,62.84,114.42,,,0.825,1.9034
2008-04-29,,,65.42,114.58,,,0.742,1.9227
2008-05-06,,,69.04,117.63,,,0.656,1.7124
2008-05-13,,,68.62,117.93,,,0.58,1.3961
2008-05-20,,,79.8,117.44,,,0.525,1.2767
2008-05-27,,,79.35,113.38,,,0.492,1.041
2008-06-03,,,79.72,114.6,,,0.488,0.9598
2008-06-10,,,91.98,114.3,,,0.509,0.9743
2008-06-17,,,80.89,115.71,,,0.555,1.3388
2008-06-24,,,77.41,112.2,,,0.61,1.2405
2008-07-01,,,79.44,112.69,,,0.666,1.2933
2008-07-08,,,76.03,112.21,,,0.718,1.7671
2008-07-15,,,73.07,110.81,,,0.749,1.8586
2008-07-22,,,68.39,113.2,,,0.758,1.8144
2008-07-29,,,71.03,112.18,,,0.747,1.7744
2008-08-05,,,70.28,109.69,,,0.719,1.2101
2008-08-12,,,72.4,111.26,,,0.688,1.6856
2008-08-19,,,77.5,111.4,,,0.672,1.5697
2008-08-26,,,73.14,110.8,,,0.681,1.5551
2008-09-02,,,69.65,110.38,,,0.738,1.8053
2008-09-09,,,70.68,108.57,,,0.847,1.5761
2008-09-16,,,74.38,112.29,,,1.016,1.8484
2008-09-23,,,84.77,111.63,,,1.237,2.0044
2008-09-30,,,92.23,111.43,,,1.519,4.1642
2008-10-07,,,106.47,110.2,,,1.8,4.5814
2008-10-14,,,105.64,113.55,,,2.08,7.2953
2008-10-21,,,114.28,120.38,,,2.333,9.6629
2008-10-28,,,127.46,125.95,,,2.532,9.5904
2008-11-04,,,116.29,117.78,,,2.679,8.1222
2008-11-11,,,114.11,120.67,,,2.804,7.7999
2008-11-18,,,106.9,116.05,,,2.9,6.2769
2008-11-25,,,90.28,114.1,,,2.982,6.0488
2008-12-02,,,87.08,112.2,,,3.058,7.7535
2008-12-09,,,80.75,118.58,,,3.084,6.9134
2008-12-16,,,79.99,119.25,,,3.075,7.033
2008-12-23,,,86.39,112.01,,,3.01,6.6056
2008-12-30,,,80.89,116.08,,,2.887,6.0365
2009-01-06,,,90.33,115.49,,,2.729,4.8467
2009-01-13,,,92.5,118.22,,,2.576,4.9676
2009-01-20,,,104.02,119.17,,,2.424,3.7666
2009-01-27,,,95.48,119.68,,,2.3,3.8705
2009-02-03,,,92.25,125.25,,,2.209,4.349
2009-02-10,,,95.98,118.94,,,2.148,4.0694
2009-02-17,,,95.07,118.1,,,2.118,3.6108
2009-02-24,,,89.13,114.2,,,2.118,3.6332
2009-03-03,,,90.75,113.77,,,2.134,4.2134
2009-03-10,,,85.36,115.59,,,2.149,4.188
2009-03-17,,,75.21,118.32,,,2.152,4.8143
2009-03-24,,,70.16,112.12,,,2.115,3.9707
2009-03-31,,,72.71,112.87,,,2.042,3.3822
2009-04-07,,,66.39,111.16,,,1.938,3.2509
2009-04-14,,,65.79,109.23,,,1.813,3.0756
2009-04-21,,,75.48,114.63,,,1.672,2.8336
2009-04-28,,,74.22,114.13,,,1.529,2.6275
2009-05-05,,,70.77,113.65,,,1.388,2.87
2009-05-12,,,77.53,115.66,,,1.253,2.3654
2009-05-19,,,74.4,117.92,,,1.129,1.6094
2009-05-26,,,91.23,120.89,,,1.028,2.0862
2009-06-02,,,83.82,120.94,,,0.944,1.6024
2009-06-09,,,81.64,119.24,,,0.885,1.3894
2009-06-16,,,88.49,125.05,,,0.837,1.2453
2009-06-23,,,85.64,116.01,,,0.801,1.0315
2009-06-30,,,79.6,117.03,,,0.77,1.6312
2009-07-07,,,85.63,116.35,,,0.733,1.6858
2009-07-14,,,81.52,115.44,,,0.687,1.2431
2009-07-21,,,80.45,116.79,,,0.631,1.4996
2009-07-28,,,76.68,116.18,,,0.565,1.0224
2009-08-04,,,71.05,114.94,,,0.493,0.8025
2009-08-11,,,75.6,117.61,,,0.425,0.549
2009-08-18,,,81.11,118.11,,,0.365,0.197
2009-08-25,,,77.76,119.05,,,0.316,0.8215
2009-09-01,,,81.0,118.26,,,0.274,0.9954
2009-09-08,,,75.69,120.55,,,0.238,0.5689
2009-09-15,,,72.25,118.46,,,0.205,0.7375
2009-09-22,25.69,,68.26,118.16,40.38,24.53,0.172,0.3796
2009-09-29,26.48,,68.99,119.84,43.74,20.45,0.14,0.0607
2009-10-06,26.73,,71.5,117.82,45.47,25.36,0.111,0.2015
2009-10-13,25.09,,64.97,120.77,41.54,22.34,0.088,0.4529
2009-10-20,23.72,,68.63,116.9,39.06,20.09,0.067,0.3036
2009-10-27,25.46,,80.41,118.9,39.82,20.52,0.05,0.1461
2009-11-03,28.87,,90.16,118.53,41.58,25.25,0.037,0.2148
2009-11-10,24.71,,68.49,119.65,38.12,22.04,0.029,0.4355
2009-11-17,25.04,,83.97,119.32,37.01,23.03,0.02,0.4055
2009-11-24,23.74,,75.05,122.47,37.06,23.56,0.008,0.0519
2009-12-01,24.94,,80.74,122.96,40.23,26.69,-0.006,0.1822
2009-12-08,26.13,,79.57,117.89,42.19,29.2,-0.024,0.1731
2009-12-15,24.73,,80.99,123.84,41.54,26.05,-0.048,0.0735
2009-12-22,22.76,,71.45,127.89,37.81,25.22,-0.079,0.0072
2009-12-29,22.63,,69.1,125.71,35.78,24.85,-0.111,-0.1371
2010-01-05,22.39,,70.36,122.99,34.27,23.34,-0.141,-0.2385
2010-01-12,21.79,,70.42,120.66,31.61,21.97,-0.166,-0.2084
2010-01-19,20.89,,73.5,124.28,28.52,21.31,-0.187,-0.3804
2010-01-26,25.17,,90.04,118.41,33.78,24.35,-0.196,-0.3392
2010-02-02,22.93,,80.98,120.46,32.44,22.75,-0.196,-0.0646
2010-02-09,26.04,,88.8,120.43,38.74,25.45,-0.192,0.0612
2010-02-16,23.57,,81.77,120.89,36.15,25.38,-0.189,-0.0458
2010-02-23,22.62,,77.82,120.82,34.88,23.89,-0.192,0.1151
2010-03-02,21.18,,73.43,120.28,34.88,21.76,-0.209,-0.2106
2010-03-09,20.16,,71.49,116.64,33.19,19.88,-0.238,-0.2116
2010-03-16,20.16,,76.41,123.51,33.22,20.32,-0.277,-0.2548
2010-03-23,19.68,,78.31,121.18,29.23,18.52,-0.323,-0.5581
2010-03-30,19.54,,76.91,124.03,29.56,18.16,-0.368,-0.4205
2010-04-06,18.84,,76.82,123.29,28.8,17.93,-0.409,-0.3958
2010-04-13,18.99,,79.97,125.54,27.26,17.51,-0.437,-0.3512
2010-04-20,18.99,,79.65,134.19,27.8,17.69,-0.449,-0.4641
2010-04-27,22.72,,103.23,124.98,28.02,17.73,-0.437,-0.4348
2010-05-04,25.07,,101.88,124.86,32.67,21.71,-0.402,-0.4078
2010-05-11,28.87,,113.95,127.09,38.87,25.96,-0.343,-0.1812
2010-05-18,32.81,,135.82,123.88,42.96,26.25,-0.267,0.4378
2010-05-25,34.9,,119.36,123.28,45.8,25.72,-0.191,0.3576
2010-06-01,34.02,,109.92,119.63,46.06,23.15,-0.119,1.0019
2010-06-08,33.65,,101.79,120.74,43.85,24.98,-0.064,1.0337
2010-06-15,28.45,,99.0,124.8,37.72,21.26,-0.033,0.8256
2010-06-22,29.09,,101.65,120.42,35.47,22.37,-0.023,0.9876
2010-06-29,34.38,,104.0,118.13,39.16,24.07,-0.037,0.5138
2010-07-06,32.01,,97.58,116.01,40.24,23.7,-0.064,0.6063
2010-07-13,28.32,,90.8,119.33,32.87,18.99,-0.099,0.9644
2010-07-20,28.22,,98.89,119.07,32.43,20.41,-0.14,0.5733
2010-07-27,26.37,,90.14,121.32,32.91,22.12,-0.181,0.3674
2010-08-03,26.01,,85.04,121.39,32.09,18.42,-0.214,0.522
2010-08-10,26.31,,90.35,122.79,32.08,18.11,-0.238,0.1823
2010-08-17,28.57,,93.25,121.96,33.56,17.37,-0.253,0.2163
2010-08-24,30.31,,85.7,117.39,34.84,19.11,-0.258,0.4335
2010-08-31,29.04,,81.49,115.02,34.51,19.39,-0.26,0.4647
2010-09-07,26.77,,78.98,118.73,33.28,17.77,-0.262,0.4755
2010-09-14,24.74,,87.95,120.98,32.07,18.24,-0.269,0.2853
2010-09-21,24.94,,80.97,122.81,32.81,17.94,-0.284,0.0629
2010-09-28,25.34,,83.62,121.69,30.82,18.2,-0.303,0.0161
2010-10-05,25.08,,82.62,117.77,31.88,19.58,-0.324,0.1049
2010-10-12,23.37,,84.77,117.02,33.26,20.01,-0.348,0.1254
2010-10-19,23.59,,91.53,119.57,33.99,21.16,-0.372,0.0185
2010-10-26,22.2,,82.79,116.51,31.89,20.16,-0.394,-0.1947
2010-11-02,23.02,,80.18,116.14,33.33,21.87,-0.411,-0.0641
2010-11-09,21.53,,76.49,119.61,30.93,24.65,-0.425,-0.2211
2010-11-16,24.08,,93.65,120.86,33.43,23.56,-0.434,-0.1265
2010-11-23,22.59,,87.44,119.86,31.6,21.33,-0.438,-0.2434
2010-11-30,25.19,,95.73,116.71,31.89,22.61,-0.44,0.0097
2010-12-07,20.97,,82.66,118.13,32.17,20.97,-0.442,0.0409
2010-12-14,20.39,,81.67,121.99,29.0,16.77,-0.448,-0.0084
2010-12-21,19.91,,84.38,124.87,25.83,16.66,-0.459,-0.2878
2010-12-28,21.18,,86.34,123.53,27.88,18.7,-0.475,-0.2011
2011-01-04,20.61,16.06,85.25,121.96,30.26,18.84,-0.494,-0.2334
2011-01-11,20.14,14.93,79.82,122.29,28.01,17.52,-0.515,-0.2333
2011-01-18,18.38,16.34,79.77,128.16,26.52,17.66,-0.537,-0.3171
2011-01-25,19.34,17.75,82.67,134.61,29.98,18.73,-0.557,-0.2985
2011-02-01,18.97,17.21,84.48,129.0,33.38,17.7,-0.575,-0.3183
2011-02-08,17.85,14.56,78.93,129.54,31.07,15.61,-0.587,-0.2567
2011-02-15,18.27,16.58,84.38,131.78,30.47,15.23,-0.592,-0.384
2011-02-22,21.32,22.09,99.18,125.9,38.54,16.83,-0.59,-0.4591
2011-03-01,21.9,21.59,89.28,122.43,41.85,17.46,-0.581,-0.2976
2011-03-08,21.45,19.34,80.84,123.37,44.21,17.35,-0.566,-0.0756
2011-03-15,24.03,25.9,89.68,121.82,42.34,19.04,-0.553,-0.2276
2011-03-22,21.7,20.17,87.39,120.83,37.9,16.63,-0.543,-0.2328
2011-03-29,19.97,17.46,84.96,124.11,33.49,16.4,-0.538,0.0988
2011-04-05,19.4,15.81,81.44,128.02,32.15,16.41,-0.542,-0.3269
2011-04-12,20.33,18.93,85.36,121.94,34.48,15.65,-0.553,-0.3457
2011-04-19,19.18,15.91,85.73,129.4,30.0,16.31,-0.567,-0.418
2011-04-26,18.27,15.16,85.72,127.45,30.68,17.3,-0.58,-0.3744
2011-05-03,19.11,15.71,90.62,127.49,31.82,19.61,-0.59,-0.3911
2011-05-10,18.37,14.58,87.56,126.23,40.45,19.14,-0.593,-0.5102
2011-05-17,19.45,18.33,93.64,121.14,38.67,19.0,-0.59,-0.3227
2011-05-24,19.17,17.87,88.47,123.13,36.58,17.84,-0.581,-0.3474
2011-05-31,17.56,14.89,80.92,123.91,33.51,16.74,-0.569,-0.3062
2011-06-07,19.5,18.41,83.72,116.07,33.62,16.84,-0.555,-0.2717
2011-06-14,19.43,18.44,91.74,125.3,32.57,15.33,-0.542,-0.1958
2011-06-21,20.5,20.18,90.55,116.52,35.72,15.99,-0.53,-0.1347
2011-06-28,20.52,19.83,90.33,122.15,32.88,16.84,-0.521,-0.1257
2011-07-05,18.11,15.85,81.34,121.78,30.79,15.15,-0.514,-0.1094
2011-07-12,20.93,21.5,88.39,119.21,33.3,17.63,-0.506,-0.3981
2011-07-19,20.5,19.69,91.01,126.12,31.46,18.14,-0.494,-0.3507
2011-07-26,20.89,20.83,93.35,120.12,31.17,18.58,-0.471,0.0022
2011-08-02,23.6,27.78,102.01,116.08,35.27,20.09,-0.437,-0.2861
2011-08-09,31.07,43.38,112.8,124.51,61.82,31.13,-0.388,-0.2589
2011-08-16,30.44,33.09,104.66,122.41,43.95,26.68,-0.325,0.3732
2011-08-23,34.79,37.81,103.43,124.05,47.67,33.42,-0.254,1.3378
2011-08-30,32.47,34.67,96.16,119.9,44.74,32.12,-0.191,0.5473
2011-09-06,35.38,39.24,97.01,121.04,47.41,34.17,-0.133,0.8777
2011-09-13,36.06,37.63,96.14,118.05,45.14,32.49,-0.09,0.5265
2011-09-20,33.62,34.49,92.9,120.61,45.8,30.63,-0.058,0.9315
2011-09-27,37.21,38.93,100.31,119.55,50.13,36.55,-0.041,0.7804
2011-10-04,40.45,41.47,99.31,115.28,57.09,37.74,-0.032,1.1276
2011-10-11,34.06,30.01,90.98,118.91,47.07,30.62,-0.035,1.1489
2011-10-18,31.98,32.21,100.21,127.99,47.8,29.17,-0.047,1.3943
2011-10-25,32.36,33.57,97.75,122.65,48.27,29.92,-0.068,0.4722
2011-11-01,34.02,36.72,113.15,126.65,46.63,29.7,-0.085,0.6876
2011-11-08,29.52,24.57,98.05,124.77,43.35,29.21,-0.099,0.3231
2011-11-15,32.52,31.57,107.55,124.97,43.05,26.75,-0.101,0.8869
2011-11-22,34.24,31.03,98.53,114.92,42.94,27.56,-0.094,0.796
2011-11-29,33.21,30.4,95.47,116.45,42.7,25.74,-0.082,1.0387
2011-12-06,30.16,28.5,92.21,115.16,38.23,24.52,-0.069,1.2521
2011-12-13,30.17,25.63,94.55,119.44,39.39,24.1,-0.067,0.6881
2011-12-20,26.87,21.55,88.64,120.66,38.96,21.33,-0.073,0.6439
2011-12-27,25.54,20.6,88.13,116.53,36.95,20.81,-0.087,0.9142
2012-01-03,26.05,20.63,91.39,117.1,40.07,22.9,-0.111,0.6593
2012-01-10,23.68,17.48,88.82,118.99,35.44,21.51,-0.145,0.6672
2012-01-17,25.0,22.07,93.66,125.63,33.97,21.6,-0.186,0.5459
2012-01-24,22.03,18.08,89.01,127.38,33.23,20.08,-0.232,0.5791
2012-01-31,22.09,18.44,88.51,121.96,32.31,20.93,-0.278,0.4392
2012-02-07,20.14,16.11,83.79,123.02,32.41,20.45,-0.319,0.3264
2012-02-14,22.82,19.23,107.82,129.96,33.64,19.24,-0.352,0.3074
2012-02-21,22.35,17.44,107.71,128.46,34.68,19.94,-0.376,0.097
2012-02-28,21.6,16.57,99.13,125.65,33.52,20.12,-0.392,0.2081
2012-03-06,23.9,20.1,105.11,126.49,34.34,20.23,-0.404,0.0714
2012-03-13,19.6,16.35,98.47,122.89,29.45,20.47,-0.415,0.0573
2012-03-20,19.96,15.31,109.38,128.02,27.87,18.42,-0.423,0.1712
2012-03-27,18.57,15.43,101.15,121.13,27.53,18.62,-0.43,-0.2078
2012-04-03,18.81,14.36,98.37,123.84,27.95,18.05,-0.433,-0.0768
2012-04-10,22.62,19.84,109.13,119.27,31.62,19.94,-0.431,0.0342
2012-04-17,20.85,18.84,107.01,121.83,28.74,18.03,-0.424,0.0717
2012-04-24,20.51,17.87,99.84,118.36,26.11,17.64,-0.411,0.2974
2012-05-01,19.13,15.63,87.06,120.18,25.12,16.47,-0.395,0.0473
2012-05-08,20.81,19.09,91.33,117.23,29.06,17.93,-0.374,0.0017
2012-05-15,23.92,22.63,109.61,120.04,32.13,20.75,-0.348,-0.0547
2012-05-22,25.23,22.03,110.48,119.31,29.75,20.04,-0.317,0.1161
2012-05-29,23.89,19.48,100.98,122.39,30.72,21.72,-0.284,0.4627
2012-06-05,26.87,23.17,102.78,117.07,36.67,23.99,-0.258,0.3648
2012-06-12,24.94,24.22,103.22,121.82,39.45,22.9,-0.24,0.4693
2012-06-19,21.92,19.53,98.13,123.09,32.92,20.51,-0.233,0.4364
2012-06-26,22.47,18.74,100.66,114.69,34.42,20.47,-0.238,0.2237
2012-07-03,19.32,14.68,84.59,118.33,36.38,25.23,-0.253,0.0618
2012-07-10,20.87,18.1,94.91,119.34,37.68,20.28,-0.272,0.1285
2012-07-17,18.92,15.63,93.49,117.22,35.36,17.7,-0.296,0.0411
2012-07-24,22.26,21.16,111.65,119.13,36.27,19.6,-0.319,0.1457
2012-07-31,20.78,19.86,96.11,113.99,34.53,19.51,-0.343,-0.0176
2012-08-07,18.81,14.68,86.87,113.55,32.15,16.48,-0.365,0.1186
2012-08-14,18.51,13.02,94.33,122.05,29.84,14.96,-0.386,-0.1279
2012-08-21,18.8,13.21,97.41,129.99,30.64,16.29,-0.405,-0.1734
2012-08-28,19.82,15.21,94.43,120.28,33.06,16.54,-0.423,-0.1078
2012-09-04,20.68,17.43,93.71,119.59,33.61,17.97,-0.441,-0.1509
2012-09-11,18.29,16.94,92.39,122.82,32.38,19.59,-0.459,-0.0571
2012-09-18,16.63,13.44,90.13,127.38,35.81,17.89,-0.477,-0.1917
2012-09-25,17.6,14.8,92.79,125.45,34.35,16.74,-0.496,-0.4754
2012-10-02,17.74,14.56,90.25,127.1,32.53,16.34,-0.512,-0.5208
2012-10-09,18.01,15.98,88.53,121.21,34.5,15.72,-0.526,-0.2048
2012-10-16,16.97,13.57,90.31,122.52,33.54,15.12,-0.537,-0.4264
2012-10-23,19.45,20.61,99.66,120.16,34.28,15.8,-0.544,-0.4602
2012-10-30,19.02,16.8,89.43,119.31,32.21,14.92,-0.548,-0.5977
2012-11-06,18.24,19.3,87.56,116.34,32.02,18.0,-0.548,-0.3429
2012-11-13,18.97,16.25,87.84,114.81,31.27,14.54,-0.546,-0.3263
2012-11-20,17.28,15.24,85.93,117.25,29.83,13.52,-0.545,-0.3008
2012-11-27,17.62,16.12,84.17,116.65,28.65,13.68,-0.544,-0.1884
2012-12-04,18.19,17.19,86.18,115.31,28.84,13.95,-0.548,-0.5338
2012-12-11,17.0,15.21,78.7,115.92,29.94,14.16,-0.553,-0.4716
2012-12-18,16.81,16.22,79.36,117.86,28.56,13.69,-0.562,-0.5156
2012-12-25,18.87,20.12,89.27,124.47,28.88,13.21,-0.573,-0.5785
2013-01-01,18.73,20.27,92.5,121.27,28.45,14.38,-0.585,-0.5654
2013-01-08,16.45,11.76,78.37,118.15,24.3,14.08,-0.598,-0.3586
2013-01-15,16.33,12.05,77.84,120.9,25.7,13.76,-0.612,-0.6307
2013-01-22,14.72,11.21,73.87,126.73,21.67,12.71,-0.625,-0.6127
2013-01-29,14.74,13.16,73.61,123.95,22.97,13.59,-0.634,-0.6273
2013-02-05,15.3,12.78,75.07,123.22,23.06,13.03,-0.641,-0.6627
2013-02-12,14.53,11.05,73.83,126.12,20.7,14.06,-0.644,-0.5728
2013-02-19,13.99,11.43,70.45,130.15,22.44,15.75,-0.646,-0.5267
2013-02-26,17.25,18.11,90.23,122.92,25.9,15.61,-0.647,-0.663
2013-03-05,14.95,12.54,79.32,126.62,22.41,15.47,-0.648,-0.6184
2013-03-12,14.58,12.48,79.99,128.66,18.77,12.07,-0.648,-0.4999
2013-03-19,15.71,14.84,94.39,127.08,21.14,14.52,-0.65,-0.7496
2013-03-26,14.75,11.75,85.14,122.47,17.81,12.48,-0.653,-0.7859
2013-04-02,14.71,11.62,80.49,122.84,19.33,13.73,-0.656,-0.5658
2013-04-09,14.46,12.42,82.04,118.63,20.64,13.54,-0.661,-0.6203
2013-04-16,15.1,14.41,88.19,124.1,27.32,30.02,-0.668,-0.5424
2013-04-23,14.83,13.09,85.16,121.56,24.43,23.68,-0.679,-0.7144
2013-04-30,14.78,13.37,83.46,119.05,24.57,22.09,-0.689,-0.4815
2013-05-07,14.35,11.73,78.86,119.76,24.38,22.07,-0.701,-0.6802
2013-05-14,14.98,13.33,80.45,116.16,24.12,25.06,-0.711,-0.6579
2013-05-21,15.78,13.56,88.04,117.08,23.11,27.18,-0.715,-0.7692
2013-05-28,15.87,15.6,82.65,112.47,22.95,24.86,-0.713,-0.6154
2013-06-04,17.26,16.89,87.39,116.87,24.64,22.32,-0.703,-0.5297
2013-06-11,17.91,17.47,92.32,116.98,21.81,23.27,-0.687,-0.3713
2013-06-18,17.75,17.62,89.99,118.7,20.64,22.7,-0.668,-0.0862
2013-06-25,19.67,18.98,94.83,115.23,23.63,25.86,-0.65,-0.1477
2013-07-02,18.02,15.56,83.7,115.22,22.63,28.19,-0.634,-0.1197
2013-07-09,15.91,13.45,75.92,115.19,25.22,25.68,-0.627,0.064
2013-07-16,16.01,13.62,80.84,115.26,24.5,23.2,-0.627,-0.138
2013-07-23,14.88,12.58,75.05,113.14,23.63,21.66,-0.634,-0.3052
2013-07-30,14.98,13.53,74.35,119.39,23.48,23.72,-0.646,-0.496
2013-08-06,14.56,11.8,75.53,119.09,22.64,23.82,-0.657,-0.4824
2013-08-13,14.86,12.67,78.94,115.81,22.63,21.37,-0.666,-0.363
2013-08-20,16.31,14.27,89.08,118.07,24.18,23.82,-0.67,-0.4033
2013-08-27,17.68,16.04,92.36,118.07,27.19,23.9,-0.669,-0.3719
2013-09-03,17.64,15.97,90.66,116.72,29.41,25.2,-0.666,-0.196
2013-09-10,16.11,13.35,79.25,119.94,27.12,22.58,-0.662,-0.1541
2013-09-17,15.66,14.49,79.49,121.59,23.17,25.35,-0.66,-0.2517
2013-09-24,15.64,13.75,74.78,119.31,22.5,22.84,-0.662,-0.3198
2013-10-01,16.13,14.67,76.43,123.74,22.57,25.48,-0.667,-0.4335
2013-10-08,19.84,21.87,106.55,120.72,21.95,25.44,-0.674,-0.33
2013-10-15,18.41,23.54,103.37,131.01,23.52,26.07,-0.683,-0.255
2013-10-22,15.02,12.73,74.13,129.17,21.62,20.75,-0.695,-0.3864
2013-10-29,15.03,12.57,68.52,127.58,20.64,20.65,-0.709,-0.5472
2013-11-05,14.92,12.14,67.41,122.98,22.18,20.19,-0.723,-0.5648
2013-11-12,14.88,13.02,69.39,129.66,20.32,21.2,-0.735,-0.5248
2013-11-19,15.25,11.87,74.45,133.62,19.83,19.45,-0.745,-0.5134
2013-11-26,14.55,11.55,65.14,133.64,18.64,19.68,-0.754,-0.5655
2013-12-03,15.49,14.68,73.21,132.38,19.49,21.09,-0.761,-0.6368
2013-12-10,15.22,14.65,70.45,126.68,17.95,19.63,-0.767,-0.5701
2013-12-17,16.5,17.06,82.23,128.75,17.7,21.79,-0.77,-0.454
2013-12-24,14.24,11.11,63.49,137.88,15.26,20.08,-0.773,-0.4963
2013-12-31,14.77,13.75,70.83,133.63,17.76,21.65,-0.775,-0.5606
2014-01-07,14.41,11.57,68.33,129.1,19.67,19.12,-0.775,-0.6757
2014-01-14,14.49,11.31,69.31,133.43,19.81,16.5,-0.773,-0.556
2014-01-21,14.62,12.46,77.78,138.77,18.26,15.97,-0.771,-0.6298
2014-01-28,16.2,17.29,83.96,128.3,20.83,18.71,-0.767,-0.6323
2014-02-04,19.08,20.37,100.4,127.26,21.47,18.51,-0.763,-0.5196
2014-02-11,15.75,13.04,78.64,126.7,19.05,16.81,-0.761,-0.3281
2014-02-18,15.22,12.18,75.82,124.25,18.43,16.28,-0.762,-0.3532
2014-02-25,15.5,12.86,76.46,121.92,18.47,15.86,-0.765,-0.6932
2014-03-04,15.69,13.22,82.14,131.65,19.88,16.75,-0.77,-0.5737
2014-03-11,16.35,14.13,85.12,130.08,20.67,16.14,-0.774,-0.6505
2014-03-18,16.15,14.23,81.89,129.37,20.25,17.37,-0.777,-0.6271
2014-03-25,15.53,13.87,74.77,121.81,19.19,17.16,-0.777,-0.5626
2014-04-01,14.4,12.29,67.51,128.08,19.61,16.65,-0.776,-0.6091
2014-04-08,15.53,14.51,71.43,124.34,18.89,15.99,-0.773,-0.6256
2014-04-15,15.99,15.03,80.67,129.24,18.71,16.1,-0.771,-0.6206
2014-04-22,14.61,12.51,66.74,126.51,18.81,16.19,-0.769,-0.5126
2014-04-29,14.83,13.63,65.47,123.44,19.19,15.31,-0.767,-0.6099
2014-05-06,15.12,13.19,64.93,121.18,17.96,15.02,-0.766,-0.7204
2014-05-13,14.04,10.75,61.76,124.3,16.86,13.61,-0.768,-0.656
2014-05-20,14.41,12.21,68.77,127.47,16.2,14.07,-0.771,-0.6607
2014-05-27,13.64,10.65,64.95,123.64,16.1,16.21,-0.775,-0.694
2014-06-03,13.82,11.01,68.19,121.79,15.53,15.05,-0.781,-0.7014
2014-06-10,13.01,9.52,70.5,125.38,14.74,12.37,-0.787,-0.7616
2014-06-17,13.66,12.68,78.41,130.18,17.4,12.53,-0.79,-0.783
2014-06-24,13.38,12.01,75.24,134.65,17.93,12.96,-0.79,-0.7986
2014-07-01,12.74,10.05,69.28,139.36,16.24,13.74,-0.787,-0.8091
2014-07-08,13.21,11.64,73.21,134.2,16.31,12.83,-0.78,-0.7946
2014-07-15,13.16,11.08,78.92,136.92,17.96,14.73,-0.77,-0.7719
2014-07-22,13.5,11.54,75.22,136.37,17.1,14.62,-0.758,-0.7171
2014-07-29,14.22,13.47,81.72,132.35,16.79,15.05,-0.747,-0.6605
2014-08-05,17.14,17.18,98.32,124.62,19.1,14.76,-0.736,-0.6864
2014-08-12,15.7,14.49,85.98,123.69,17.55,14.35,-0.728,-0.5658
2014-08-19,13.79,11.0,80.84,138.69,19.38,13.43,-0.723,-0.3918
2014-08-26,13.71,10.14,79.39,133.54,16.68,13.24,-0.722,-0.661
2014-09-02,14.46,10.32,82.41,131.72,18.34,14.05,-0.722,-0.7223
2014-09-09,14.84,13.33,79.3,136.88,19.68,15.36,-0.719,-0.6579
2014-09-16,14.85,13.21,84.52,126.81,18.93,16.58,-0.713,-0.613
2014-09-23,16.07,15.6,91.9,132.46,20.73,16.65,-0.703,-0.52
2014-09-30,17.08,16.76,92.47,127.73,21.52,18.83,-0.688,-0.5245
2014-10-07,17.68,16.9,99.2,120.85,25.09,17.56,-0.671,-0.3494
2014-10-14,21.37,24.61,120.61,127.78,37.23,17.98,-0.655,-0.3016
2014-10-21,17.87,16.38,104.09,129.18,27.14,17.01,-0.643,-0.2794
2014-10-28,16.46,14.39,95.89,127.56,30.11,16.3,-0.636,0.1694
2014-11-04,16.93,14.81,92.44,124.19,33.13,20.1,-0.637,-0.4436
2014-11-11,15.36,11.54,79.79,127.11,30.79,21.43,-0.642,-0.4705
2014-11-18,15.7,11.49,82.6,132.03,33.17,23.97,-0.649,-0.4368
2014-11-25,15.41,10.81,77.93,140.11,37.49,20.67,-0.654,-0.4242
2014-12-02,15.96,12.57,83.47,121.64,38.57,21.29,-0.654,-0.2974
2014-12-09,16.89,15.27,97.13,136.69,37.56,20.04,-0.647,-0.3918
2014-12-16,23.09,24.25,132.94,131.21,55.77,22.08,-0.635,-0.2835
2014-12-23,17.94,11.1,94.73,136.93,53.97,19.76,-0.615,0.0005
2014-12-30,18.02,13.86,97.84,136.39,51.17,19.48,-0.593,0.0941
2015-01-06,21.42,20.53,118.45,125.27,56.45,20.78,-0.571,-0.4764
2015-01-13,21.27,19.63,109.22,122.2,53.78,17.63,-0.549,-0.0939
2015-01-20,20.87,21.94,108.4,123.63,57.99,23.43,-0.53,0.168
2015-01-27,19.11,17.56,96.11,128.43,54.23,20.16,-0.516,0.1706
2015-02-03,19.49,16.54,101.03,129.78,59.68,20.3,-0.507,-0.0063
2015-02-10,19.73,15.2,97.33,126.51,59.29,19.71,-0.504,0.0233
2015-02-17,18.38,13.55,92.95,127.42,56.33,19.61,-0.505,-0.1641
2015-02-24,16.71,10.94,82.65,136.26,56.27,18.77,-0.509,-0.2628
2015-03-03,16.78,11.81,85.05,123.09,53.05,16.76,-0.516,-0.2413
2015-03-10,18.26,16.72,91.89,123.53,50.92,18.97,-0.523,-0.2063
2015-03-17,17.48,16.72,88.25,125.44,59.85,20.83,-0.528,-0.2672
2015-03-24,16.59,12.24,80.04,126.82,47.94,16.84,-0.532,-0.1032
2015-03-31,17.54,15.5,84.01,120.35,53.72,16.34,-0.535,-0.1188
2015-04-07,16.8,13.9,79.7,121.34,46.25,15.2,-0.537,-0.1872
2015-04-14,15.85,11.72,81.91,123.64,44.65,15.18,-0.538,-0.1745
2015-04-21,15.52,12.58,81.29,122.77,41.04,15.04,-0.54,-0.3522
2015-04-28,15.31,11.87,77.68,124.02,37.31,16.19,-0.541,-0.3398
2015-05-05,16.32,14.64,84.45,122.22,36.24,17.15,-0.543,-0.3923
2015-05-12,16.4,13.82,84.64,123.92,33.74,15.63,-0.544,-0.3768
2015-05-19,15.28,11.15,77.53,126.28,34.82,15.88,-0.544,-0.3252
2015-05-26,15.48,13.32,81.94,123.06,34.66,15.22,-0.544,-0.2889
2015-06-02,15.71,13.99,80.61,121.17,35.74,14.86,-0.545,-0.2827
2015-06-09,16.25,15.05,84.34,119.4,33.01,14.83,-0.544,-0.1729
2015-06-16,16.2,16.29,95.96,120.23,32.39,14.36,-0.544,-0.196
2015-06-23,14.54,12.17,78.85,122.78,29.69,13.89,-0.543,-0.2054
2015-06-30,18.47,20.93,110.17,123.88,32.43,15.34,-0.54,-0.1455
2015-07-07,17.02,15.91,99.35,117.37,40.54,15.23,-0.537,-0.3104
2015-07-14,15.46,12.18,87.35,123.11,36.31,13.25,-0.533,0.083
2015-07-21,14.75,11.32,82.56,124.9,34.97,19.56,-0.528,0.0038
2015-07-28,15.43,13.62,84.77,123.52,39.94,18.4,-0.522,-0.3346
2015-08-04,15.13,12.42,80.82,119.79,40.12,17.24,-0.512,-0.1689
2015-08-11,15.94,14.13,85.22,124.37,42.16,16.53,-0.498,-0.0786
2015-08-18,15.61,12.14,88.84,124.34,39.48,15.84,-0.479,-0.1276
2015-08-25,29.58,44.92,152.42,126.78,49.0,20.2,-0.458,-0.0358
2015-09-01,29.53,31.21,128.94,125.35,57.51,19.65,-0.436,0.1915
2015-09-08,25.69,24.42,117.62,132.37,50.14,18.31,-0.416,0.6816
2015-09-15,23.12,24.62,109.34,136.0,51.14,17.69,-0.403,0.2993
2015-09-22,23.28,23.45,111.36,135.94,48.9,17.35,-0.397,0.1947
2015-09-29,26.0,28.56,110.99,136.71,49.32,17.67,-0.397,0.2078
2015-10-06,21.59,18.19,92.46,129.32,44.14,17.54,-0.402,0.4402
2015-10-13,20.5,16.53,98.35,133.81,45.37,17.14,-0.412,0.7135
2015-10-20,18.6,15.01,97.11,140.7,41.72,16.79,-0.427,0.0899
2015-10-27,18.14,16.31,95.21,132.17,44.77,15.3,-0.442,0.172
2015-11-03,17.47,13.81,87.34,137.4,41.27,17.19,-0.455,0.0427
2015-11-10,18.02,14.29,86.96,132.24,39.34,17.36,-0.464,0.0046
2015-11-17,20.43,17.02,100.37,136.97,46.63,20.17,-0.468,-0.0789
2015-11-24,18.71,14.54,89.64,138.17,47.17,16.72,-0.464,0.1363
2015-12-01,17.58,13.99,87.32,135.57,49.28,16.62,-0.455,0.1196
2015-12-08,20.06,18.81,99.16,131.25,50.34,16.12,-0.441,0.0621
2015-12-15,21.86,23.05,114.37,143.35,50.03,18.09,-0.423,0.1405
2015-12-22,19.84,15.06,100.91,133.63,48.84,15.17,-0.401,0.4724
2015-12-29,19.1,14.74,95.13,139.26,45.27,15.22,-0.379,0.5469
2016-01-05,20.52,19.37,101.84,135.07,49.68,15.2,-0.359,0.3932
2016-01-12,22.53,22.3,104.52,138.67,65.27,16.61,-0.342,0.3283
2016-01-19,26.44,30.43,113.76,137.9,64.04,16.17,-0.326,0.7221
2016-01-26,23.29,24.25,98.4,129.53,65.89,17.26,-0.313,0.8892
2016-02-02,23.41,22.19,97.6,119.83,68.59,16.2,-0.303,1.0006
2016-02-09,26.8,26.84,103.06,120.74,72.29,21.72,-0.297,0.5583
2016-02-16,25.01,21.81,94.2,125.77,71.53,24.84,-0.294,0.7371
2016-02-23,22.44,20.69,89.67,119.67,65.03,23.69,-0.294,1.277
2016-03-01,20.28,17.04,79.45,119.81,56.84,21.97,-0.302,0.5854
2016-03-08,21.04,19.17,87.46,123.53,54.04,23.07,-0.315,0.5721
2016-03-15,19.33,16.46,90.34,132.45,48.98,19.7,-0.33,0.2488
2016-03-22,17.75,13.14,85.04,130.99,44.12,17.62,-0.345,0.2859
2016-03-29,17.24,12.17,81.39,132.61,46.63,19.52,-0.358,0.1767
2016-04-05,18.38,13.96,89.11,120.27,50.16,18.16,-0.368,0.1804
2016-04-12,17.97,13.71,89.78,126.17,48.78,19.09,-0.375,0.3997
2016-04-19,16.47,12.86,86.98,126.19,43.93,17.42,-0.379,0.3571
2016-04-26,16.92,13.5,84.51,127.4,43.51,17.43,-0.382,0.1074
2016-05-03,18.57,15.17,91.66,125.94,45.78,18.7,-0.383,-0.0112
2016-05-10,17.18,12.8,85.92,124.1,42.28,18.04,-0.383,0.0797
2016-05-17,18.43,15.11,91.76,122.96,42.75,18.17,-0.382,0.2884
2016-05-24,17.08,11.91,79.48,124.74,38.02,16.66,-0.38,0.1955
2016-05-31,16.63,11.85,79.43,127.7,38.08,15.83,-0.376,0.0832
2016-06-07,16.63,11.56,82.3,128.54,36.19,17.29,-0.371,0.0076
2016-06-14,21.94,23.35,116.44,138.02,43.07,20.63,-0.365,0.1445
2016-06-21,19.69,22.47,113.46,135.92,40.37,20.65,-0.358,0.1766
2016-06-28,20.26,19.08,108.0,153.66,40.18,20.18,-0.35,0.5859
2016-07-05,18.24,14.19,91.85,125.35,40.08,20.09,-0.345,0.2669
2016-07-12,16.17,12.25,84.98,126.1,39.67,17.94,-0.342,0.611
2016-07-19,15.74,11.02,89.03,129.92,37.2,16.71,-0.343,0.2322
2016-07-26,16.32,11.98,91.44,130.02,41.27,17.45,-0.347,-0.0917
2016-08-02,16.39,12.35,93.89,129.25,45.7,16.45,-0.352,0.101
2016-08-09,15.11,10.49,86.65,135.56,39.76,14.41,-0.356,0.2507
2016-08-16,16.02,10.87,91.86,132.27,37.45,16.13,-0.358,0.3669
2016-08-23,15.42,11.37,83.45,131.79,37.53,15.62,-0.359,0.2272
2016-08-30,16.03,11.21,84.44,136.14,38.03,15.99,-0.356,0.2057
2016-09-06,15.56,9.98,82.14,131.16,39.85,15.6,-0.351,0.2834
2016-09-13,19.05,19.55,110.02,131.56,41.1,15.78,-0.344,0.2958
2016-09-20,17.99,17.22,101.98,126.85,40.99,15.69,-0.338,0.3054
2016-09-27,16.45,12.8,88.94,123.74,43.88,14.53,-0.334,0.5027
2016-10-04,16.47,12.95,89.94,119.67,37.66,15.8,-0.333,0.3498
2016-10-11,16.94,13.34,95.43,119.79,38.08,15.63,-0.336,0.3311
2016-10-18,16.92,12.45,96.87,122.76,36.37,14.73,-0.343,0.0942
2016-10-25,15.81,11.9,86.23,122.83,33.93,14.55,-0.352,0.2312
2016-11-01,18.74,22.86,108.26,124.46,40.08,19.02,-0.364,0.1958
2016-11-08,18.1,25.31,108.67,135.6,43.56,17.93,-0.377,0.1149
2016-11-15,15.75,10.64,91.77,119.79,49.43,16.42,-0.389,0.5023
2016-11-22,15.35,10.2,83.4,127.98,46.69,15.43,-0.403,-0.0118
2016-11-29,15.9,12.64,86.28,128.31,55.09,17.28,-0.416,-0.0447
2016-12-06,15.48,10.84,88.12,130.92,37.11,17.06,-0.427,-0.1082
2016-12-13,15.7,12.25,93.32,119.34,31.35,16.17,-0.437,0.0042
2016-12-20,15.14,9.85,88.26,122.09,27.43,16.69,-0.445,-0.2461
2016-12-27,15.36,10.22,86.37,123.65,30.0,16.68,-0.452,-0.15
2017-01-03,15.56,11.99,85.37,125.79,32.88,16.26,-0.458,-0.0863
2017-01-10,14.66,8.88,86.36,121.84,33.61,14.32,-0.464,-0.0406
2017-01-17,14.89,10.85,92.39,131.55,31.25,15.67,-0.47,-0.0793
2017-01-24,13.87,10.08,79.05,138.16,29.59,14.65,-0.475,-0.0943
2017-01-31,14.48,11.77,89.83,138.08,31.33,15.27,-0.48,-0.0786
2017-02-07,14.35,9.47,89.61,130.46,29.61,15.26,-0.484,-0.1928
2017-02-14,13.19,8.94,78.35,133.66,27.49,14.21,-0.486,-0.1261
2017-02-21,14.04,10.22,82.45,136.93,25.79,13.72,-0.488,-0.1581
2017-02-28,15.28,11.89,88.08,131.98,25.46,14.3,-0.487,-0.2926
2017-03-07,14.41,10.23,81.43,138.85,26.46,13.22,-0.485,-0.2082
2017-03-14,14.63,11.78,85.88,146.11,33.19,11.57,-0.483,-0.3873
2017-03-21,14.62,14.23,83.02,141.02,30.57,12.13,-0.48,-0.4102
2017-03-28,13.68,10.51,79.27,134.43,29.92,12.35,-0.478,-0.3601
2017-04-04,13.37,9.51,79.67,132.28,27.97,12.41,-0.476,-0.221
2017-04-11,15.16,10.54,103.74,136.66,27.27,15.2,-0.478,-0.3995
2017-04-18,14.76,14.2,99.52,137.2,26.88,15.67,-0.481,-0.3708
2017-04-25,12.85,9.8,75.64,139.04,29.39,12.45,-0.487,-0.2417
2017-05-02,12.83,10.49,79.33,127.49,32.23,12.38,-0.495,-0.2387
2017-05-09,12.71,9.31,83.63,128.28,34.21,12.1,-0.505,-0.579
2017-05-16,12.65,8.96,76.76,131.24,33.44,11.19,-0.515,-0.4977
2017-05-23,12.9,9.32,84.19,124.54,31.77,11.89,-0.525,-0.6054
2017-05-30,12.74,9.04,84.3,125.37,30.3,11.62,-0.534,-0.4568
2017-06-06,13.08,10.39,89.15,125.72,32.12,13.23,-0.543,-0.6473
2017-06-13,12.73,9.35,86.66,136.41,32.34,12.16,-0.551,-0.6122
2017-06-20,12.69,9.42,89.19,133.37,32.49,11.14,-0.557,-0.7048
2017-06-27,12.96,10.5,87.3,125.46,32.28,11.96,-0.561,-0.7013
2017-07-04,13.31,10.21,93.31,126.63,30.26,11.93,-0.564,-0.4699
2017-07-11,13.16,9.37,88.23,132.75,33.61,12.3,-0.567,-0.5553
2017-07-18,12.25,8.44,79.14,137.53,29.96,11.14,-0.571,-0.5936
2017-07-25,12.05,7.87,79.17,135.61,29.18,12.07,-0.574,-0.5588
2017-08-01,12.4,8.93,84.55,138.72,30.54,11.28,-0.576,-0.6737
2017-08-08,13.2,10.5,98.68,140.05,29.44,11.1,-0.575,-0.7161
2017-08-15,13.9,10.41,96.71,143.23,29.31,12.2,-0.572,-0.6127
2017-08-22,13.63,9.92,92.7,135.72,27.97,12.49,-0.567,-0.454
2017-08-29,14.12,9.81,98.79,131.48,30.49,13.5,-0.562,-0.431
2017-09-05,14.58,11.34,102.66,133.48,29.58,14.3,-0.558,-0.4527
2017-09-12,13.56,9.25,92.39,139.6,27.59,11.56,-0.555,-0.5004
2017-09-19,12.73,9.09,91.22,142.64,25.76,12.27,-0.555,-0.4135
2017-09-26,13.02,9.34,94.81,134.25,27.8,13.32,-0.558,-0.6717
2017-10-03,12.31,8.04,91.59,137.15,27.95,11.38,-0.562,-0.7106
2017-10-10,12.47,8.72,97.33,139.24,26.54,12.22,-0.567,-0.6572
2017-10-17,12.05,8.69,98.74,150.12,25.87,11.64,-0.574,-0.7045
2017-10-24,12.67,10.48,98.43,142.15,25.6,11.73,-0.581,-0.6631
2017-10-31,12.38,9.32,92.01,131.81,25.31,11.81,-0.588,-0.7317
2017-11-07,12.76,8.83,93.45,129.15,28.75,10.98,-0.593,-0.7421
2017-11-14,13.93,9.73,103.18,130.15,30.08,11.61,-0.598,-0.6947
2017-11-21,12.55,7.97,89.27,133.56,26.64,10.84,-0.6,-0.671
2017-11-28,12.27,9.18,85.73,124.08,28.13,10.64,-0.601,-0.6705
2017-12-05,13.54,11.11,97.95,132.07,23.13,12.28,-0.602,-0.8187
2017-12-12,12.48,9.24,93.27,133.02,22.84,12.14,-0.603,-0.7773
2017-12-19,12.51,9.03,93.58,130.69,18.88,10.32,-0.604,-0.705
2017-12-26,12.62,8.48,97.56,135.6,20.99,11.17,-0.607,-0.6427
2018-01-02,12.61,8.54,97.36,135.37,22.73,11.96,-0.611,-0.6108
2018-01-09,12.41,8.35,94.74,126.37,22.96,10.79,-0.614,-0.4998
2018-01-16,13.23,11.25,106.49,128.65,26.41,12.09,-0.618,-0.6244
2018-01-23,13.22,11.02,98.59,122.95,22.34,11.72,-0.618,-0.7064
2018-01-30,15.83,16.2,113.48,122.85,22.9,13.86,-0.614,-0.6454
2018-02-06,23.75,39.46,161.12,129.61,26.59,13.8,-0.605,-0.6574
2018-02-13,22.65,25.29,136.58,143.07,30.39,14.07,-0.591,-0.5052
2018-02-20,20.01,20.64,122.58,131.63,27.58,14.08,-0.574,0.099
2018-02-27,19.02,18.12,119.5,132.27,25.29,11.76,-0.558,-0.2609
2018-03-06,19.24,17.23,104.61,128.41,25.55,12.33,-0.543,-0.3394
2018-03-13,18.05,15.36,107.04,140.43,25.5,10.7,-0.529,-0.0635
2018-03-20,18.88,19.7,107.13,139.52,25.3,11.01,-0.515,-0.0937
2018-03-27,21.94,22.95,118.61,128.65,27.38,12.22,-0.505,-0.0184
2018-04-03,21.02,23.48,102.06,118.38,26.89,11.8,-0.497,0.258
2018-04-10,20.4,20.92,98.21,121.25,28.05,12.78,-0.496,0.3476
2018-04-17,16.8,15.35,89.59,130.57,27.88,13.07,-0.5,0.3428
2018-04-24,18.23,19.17,100.81,126.5,29.15,12.24,-0.51,0.1418
2018-05-01,16.91,15.7,89.97,128.21,28.07,11.88,-0.524,-0.0656
2018-05-08,16.48,13.98,89.5,125.1,26.76,11.5,-0.538,-0.0345
2018-05-15,15.79,14.29,99.18,136.76,26.61,11.91,-0.55,0.0108
2018-05-22,14.88,10.92,90.47,134.61,25.89,10.9,-0.559,-0.235
2018-05-29,17.13,17.24,108.67,141.84,29.04,12.33,-0.564,-0.2993
2018-06-05,14.72,11.68,89.84,132.58,29.3,10.46,-0.564,-0.2236
2018-06-12,14.59,12.03,95.71,142.82,26.58,10.52,-0.559,0.078
2018-06-19,15.17,12.97,104.13,139.35,28.01,10.99,-0.553,-0.395
2018-06-26,16.87,15.16,107.52,134.92,25.67,10.97,-0.547,-0.3373
2018-07-03,17.35,15.17,108.5,134.57,28.58,11.41,-0.541,-0.2679
2018-07-10,14.71,10.66,91.96,139.26,26.9,10.69,-0.538,-0.0546
2018-07-17,14.4,10.56,98.56,149.58,28.0,11.79,-0.539,-0.1865
2018-07-24,14.7,11.15,98.68,145.94,25.65,11.74,-0.544,-0.4145
2018-07-31,14.87,11.64,94.13,144.49,26.52,11.21,-0.552,-0.4532
2018-08-07,13.93,9.13,83.21,138.94,25.22,11.11,-0.561,-0.5424
2018-08-14,15.35,12.62,100.34,152.41,26.18,11.88,-0.57,-0.4424
2018-08-21,15.19,11.55,101.56,144.7,25.08,11.86,-0.58,-0.5458
2018-08-28,15.11,10.2,92.31,140.88,24.5,11.46,-0.587,-0.4384
2018-09-04,15.45,11.97,95.23,142.18,26.7,11.42,-0.592,-0.621
2018-09-11,15.54,11.0,96.44,147.88,27.14,11.26,-0.596,-0.673
2018-09-18,15.04,11.74,92.49,151.37,26.8,10.78,-0.598,-0.6005
2018-09-25,14.92,11.76,91.07,137.68,26.83,10.83,-0.599,-0.7139
2018-10-02,14.84,11.13,88.12,137.98,27.68,11.24,-0.596,-0.8147
2018-10-09,16.63,14.4,103.92,128.98,27.9,12.03,-0.592,-0.7475
2018-10-16,17.96,17.85,111.78,132.15,28.59,12.2,-0.585,-0.7883
2018-10-23,20.28,23.43,108.71,126.54,29.38,12.31,-0.575,-0.4429
2018-10-30,22.23,28.87,106.08,118.11,29.9,12.3,-0.564,-0.5007
2018-11-06,19.58,21.62,102.48,119.93,34.15,12.47,-0.551,-0.2054
2018-11-13,20.27,19.38,105.32,122.06,55.71,12.19,-0.536,-0.2206
2018-11-20,22.27,23.63,107.61,119.55,56.56,12.63,-0.52,-0.4687
2018-11-27,19.94,21.08,91.54,115.83,54.64,12.01,-0.501,-0.0143
2018-12-04,20.75,25.13,96.57,117.76,49.84,11.63,-0.48,0.0633
2018-12-11,21.72,23.79,89.77,116.8,41.46,11.46,-0.46,-0.139
2018-12-18,23.9,28.51,103.64,124.23,53.35,12.18,-0.442,0.2209
2018-12-25,28.84,42.4,111.88,118.27,56.73,14.8,-0.428,0.2735
2019-01-01,23.73,28.57,87.11,117.8,51.87,13.48,-0.423,0.5556
2019-01-08,21.14,20.13,82.41,115.3,46.08,11.16,-0.426,0.6796
2019-01-15,19.24,16.5,81.39,126.87,39.75,11.06,-0.439,0.3292
2019-01-22,20.69,21.24,93.81,122.82,38.26,10.77,-0.458,-0.1721
2019-01-29,19.6,19.95,86.84,121.9,37.13,11.25,-0.481,-0.1406
2019-02-05,17.07,13.46,80.62,123.42,34.57,10.14,-0.506,-0.1142
2019-02-12,16.82,13.47,81.63,128.6,32.69,10.03,-0.529,-0.1327
2019-02-19,16.45,13.38,78.64,124.68,31.0,11.39,-0.55,-0.2788
2019-02-26,16.3,14.2,80.53,125.53,31.57,9.86,-0.567,-0.3486
2019-03-05,16.15,13.36,82.46,126.4,30.21,10.1,-0.58,-0.5137
2019-03-12,15.65,12.73,83.06,130.17,28.56,10.08,-0.589,-0.5778
2019-03-19,15.56,13.53,87.36,123.13,28.44,9.82,-0.595,-0.4583
2019-03-26,16.45,13.95,89.85,117.8,27.92,10.18,-0.598,-0.5585
2019-04-02,15.54,11.86,83.28,127.31,26.28,9.81,-0.602,-0.5687
2019-04-09,15.99,11.78,88.14,127.66,24.66,9.55,-0.605,-0.2999
2019-04-16,14.47,10.76,83.58,125.81,25.57,9.78,-0.608,-0.6712
2019-04-23,14.54,11.64,81.43,124.65,26.56,9.54,-0.612,-0.6489
2019-04-30,15.23,12.44,88.56,126.47,29.31,9.32,-0.613,-0.7697
2019-05-07,18.78,20.74,111.54,116.88,34.07,9.74,-0.613,-0.6243
2019-05-14,18.29,18.76,97.26,119.95,32.13,9.76,-0.61,-0.6646
2019-05-21,16.42,14.5,92.38,117.17,26.93,8.99,-0.603,-0.3703
2019-05-28,17.9,17.98,95.08,112.58,34.36,9.2,-0.595,-0.3441
2019-06-04,17.59,16.65,88.93,112.74,43.46,10.66,-0.587,-0.4669
2019-06-11,16.99,15.15,84.95,113.81,38.69,10.52,-0.58,-0.1659
2019-06-18,16.5,15.29,87.37,116.21,43.43,12.4,-0.574,-0.1889
2019-06-25,17.12,17.01,85.16,116.83,40.26,17.08,-0.572,-0.4219
2019-07-02,14.72,10.42,78.22,122.14,37.77,15.8,-0.572,-0.326
2019-07-09,15.57,11.08,82.31,120.44,30.3,13.45,-0.574,-0.3245
2019-07-16,15.22,11.71,88.25,125.15,32.06,14.32,-0.578,-0.517
2019-07-23,14.93,12.82,78.99,124.65,32.25,14.28,-0.579,-0.4507
2019-07-30,15.7,14.46,91.58,121.94,30.07,14.51,-0.579,-0.3536
2019-08-06,19.69,21.84,107.45,114.2,36.43,16.02,-0.576,-0.4817
2019-08-13,18.53,17.49,102.21,117.58,33.19,17.92,-0.568,-0.2511
2019-08-20,18.87,18.43,104.77,114.78,32.34,15.42,-0.558,0.271
2019-08-27,20.64,20.81,106.49,111.76,33.73,17.34,-0.546,0.2147
2019-09-03,20.12,19.07,102.19,114.68,35.73,16.86,-0.536,-0.0815
2019-09-10,17.41,13.76,94.12,119.01,33.55,14.62,-0.526,-0.0363
2019-09-17,17.23,14.54,101.67,117.94,44.89,15.91,-0.519,-0.0895
2019-09-24,18.55,17.73,104.96,118.01,38.74,17.22,-0.513,-0.358
2019-10-01,19.35,18.94,102.74,114.01,38.88,15.61,-0.509,-0.1465
2019-10-08,20.39,20.29,102.27,118.42,39.49,16.21,-0.51,0.1185
2019-10-15,16.48,12.3,93.98,127.17,39.47,15.08,-0.514,0.38
2019-10-22,16.55,13.3,89.32,125.79,35.52,13.67,-0.523,0.144
2019-10-29,16.09,11.75,87.75,127.29,35.7,13.46,-0.535,-0.1354
2019-11-05,15.91,10.99,90.98,126.78,33.77,12.43,-0.549,-0.1243
2019-11-12,15.49,10.8,90.35,123.18,33.74,11.91,-0.561,-0.0591
2019-11-19,15.5,10.25,95.95,127.46,32.94,11.5,-0.57,-0.0987
2019-11-26,14.85,9.5,89.88,130.28,31.25,10.76,-0.575,-0.0989
2019-12-03,17.63,16.86,102.65,122.78,35.05,12.15,-0.574,-0.0409
2019-12-10,17.13,16.24,101.03,135.0,27.94,10.33,-0.568,-0.1828
2019-12-17,15.15,11.16,98.56,137.48,26.33,10.03,-0.559,-0.0897
2019-12-24,15.52,9.56,98.83,143.87,25.46,11.93,-0.552,-0.2641
2019-12-31,15.87,13.26,94.1,139.52,28.3,12.63,-0.548,-0.3642
2020-01-07,15.86,12.34,91.07,129.78,31.8,14.01,-0.553,-0.1762
2020-01-14,14.64,10.18,86.87,130.82,33.62,11.02,-0.567,-0.222
2020-01-21,14.87,11.38,92.98,132.7,27.66,11.48,-0.587,-0.3483
2020-01-28,17.03,18.34,102.11,125.61,36.42,11.89,-0.609,-0.5154
2020-02-04,16.7,15.81,96.18,128.65,39.44,12.01,-0.622,-0.3998
2020-02-11,16.14,13.04,96.96,132.95,37.52,11.48,-0.62,-0.1084
2020-02-18,16.1,13.02,101.02,137.66,33.47,13.02,-0.593,-0.4579
2020-02-25,23.86,36.35,121.01,130.79,42.5,18.13,-0.533,-0.563
2020-03-03,30.17,47.34,116.72,123.06,50.8,22.01,-0.432,-0.435
2020-03-10,39.44,57.39,138.82,121.38,92.93,23.99,-0.294,0.6852
2020-03-17,65.27,92.93,194.43,116.67,133.32,45.27,-0.134,1.3669
2020-03-24,52.11,78.04,171.91,117.75,170.86,40.41,0.031,3.506
2020-03-31,48.32,60.16,152.92,125.49,170.55,29.19,0.175,5.619
2020-04-07,43.42,48.34,134.45,118.48,139.13,34.27,0.267,5.3833
2020-04-14,36.46,38.81,131.78,122.33,115.48,28.87,0.305,3.2156
2020-04-21,43.28,45.46,132.22,123.71,325.15,30.62,0.292,2.6335
2020-04-28,35.37,32.44,117.79,129.23,198.77,24.43,0.238,1.9226
2020-05-05,35.52,33.19,118.87,128.26,97.27,24.97,0.159,2.4303
2020-05-12,34.26,33.36,130.75,125.97,86.86,22.45,0.062,1.2605
2020-05-19,32.81,28.03,125.6,127.48,73.22,21.33,-0.037,0.9594
2020-05-26,30.85,25.5,113.59,129.11,75.47,18.57,-0.127,0.9323
2020-06-02,29.93,25.06,104.83,132.61,64.71,18.1,-0.206,0.4533
2020-06-09,29.67,26.92,111.0,124.93,67.76,19.0,-0.269,0.2265
2020-06-16,35.8,35.38,143.24,133.85,66.63,19.29,-0.315,-0.07
2020-06-23,33.06,30.29,130.73,135.2,58.83,20.51,-0.345,0.2965
2020-06-30,32.52,29.14,120.76,148.27,57.66,19.65,-0.367,0.4983
2020-07-07,32.07,26.84,118.12,138.34,51.39,17.37,-0.385,0.5229
2020-07-14,32.56,27.78,112.75,131.1,53.04,16.0,-0.401,0.4335
2020-07-21,29.47,23.33,115.46,134.84,41.1,16.67,-0.42,0.1383
2020-07-28,30.1,23.54,113.88,139.64,41.09,28.96,-0.438,0.0907
2020-08-04,29.09,20.44,109.0,141.64,40.28,26.3,-0.457,-0.1982
2020-08-11,29.17,21.89,118.34,136.39,37.5,27.48,-0.474,-0.0538
2020-08-18,27.35,17.82,112.59,138.08,31.7,26.46,-0.488,-0.1841
2020-08-25,27.91,18.09,103.88,146.53,33.03,22.76,-0.499,-0.2581
2020-09-01,32.1,19.65,120.1,142.28,31.74,23.0,-0.505,-0.0532
2020-09-08,34.31,32.91,123.56,132.51,55.9,22.49,-0.507,-0.253
2020-09-15,30.27,24.22,108.97,132.95,45.19,20.32,-0.505,-0.0984
2020-09-22,31.67,25.95,104.69,130.08,41.28,21.63,-0.501,0.0684
2020-09-29,31.09,25.99,96.93,123.93,46.13,23.28,-0.497,-0.1141
2020-10-06,31.88,25.08,106.14,120.05,46.6,22.79,-0.492,0.2664
2020-10-13,28.35,21.39,110.97,122.54,46.07,23.17,-0.489,-0.0598
2020-10-20,30.11,24.57,119.59,125.31,43.85,21.54,-0.489,-0.2231
2020-10-27,32.72,37.29,135.32,127.58,50.22,20.41,-0.492,-0.0681
2020-11-03,33.52,43.2,136.28,136.44,63.63,23.32,-0.498,0.0214
2020-11-10,26.49,24.43,116.05,126.3,49.64,20.46,-0.507,0.404
2020-11-17,25.38,18.81,116.25,128.91,45.08,17.54,-0.52,-0.0538
2020-11-24,24.84,18.4,104.56,134.19,42.84,20.09,-0.537,-0.4652
2020-12-01,24.49,19.87,108.43,132.6,47.81,19.61,-0.553,-0.1391
2020-12-08,23.87,18.17,102.82,134.9,37.7,19.86,-0.567,-0.3795
2020-12-15,25.87,20.19,119.11,138.95,39.34,19.75,-0.58,-0.4308
2020-12-22,27.25,19.91,120.57,146.27,42.06,19.5,-0.59,-0.4032
2020-12-29,26.24,21.47,116.27,142.74,38.64,19.53,-0.597,-0.3612
2021-01-05,27.25,24.29,120.07,145.5,40.39,22.14,-0.604,-0.4038
2021-01-12,26.2,20.65,115.79,139.99,33.85,20.01,-0.609,-0.458
2021-01-19,26.69,21.88,120.71,141.32,35.37,18.87,-0.613,-0.4778
2021-01-26,26.89,20.46,115.31,143.31,37.13,17.88,-0.616,-0.5191
2021-02-02,29.36,22.44,119.1,141.15,38.62,19.61,-0.618,-0.4987
2021-02-09,27.11,17.09,108.14,140.06,33.54,18.35,-0.618,-0.2497
2021-02-16,27.55,19.32,124.66,140.17,35.13,19.57,-0.62,-0.5665
2021-02-23,27.12,21.3,112.78,136.64,39.75,18.3,-0.622,-0.7488
2021-03-02,27.16,23.17,114.92,141.68,40.96,20.06,-0.624,-0.6463
2021-03-09,27.28,24.11,108.71,134.45,37.97,19.54,-0.627,-0.4392
2021-03-16,24.71,17.93,113.73,142.56,39.1,17.93,-0.631,-0.3951
2021-03-23,23.8,18.37,111.69,143.44,48.62,16.69,-0.636,-0.4908
2021-03-30,22.31,17.28,101.9,142.2,41.46,18.3,-0.642,-0.5356
2021-04-06,21.16,15.71,99.06,142.44,42.41,16.76,-0.648,-0.6061
2021-04-13,20.78,13.78,100.44,134.72,35.2,14.26,-0.655,-0.7046
2021-04-20,22.35,17.33,116.37,134.87,35.68,15.59,-0.663,-0.7957
